1;Toy Story(1995);|Adventure|Animation|Children|Comedy|Fantasy
2;Jumanji(1995);|Adventure|Children|Fantasy
8;Tom and Huck(1995);|Adventure|Children
10;GoldenEye(1995);|Action|Adventure|Thriller
13;Balto(1995);|Adventure|Animation|Children
15;Cutthroat Island(1995);|Action|Adventure|Romance
29;City of Lost Children The (Cite des enfants perdus La)(1995);|Adventure|Drama|Fantasy|Mystery|Sci-Fi
44;Mortal Kombat(1995);|Action|Adventure|Fantasy
53;Lamerica(1994);|Adventure|Drama
60;Indian in the Cupboard The(1995);|Adventure|Children|Fantasy
86;White Squall(1996);|Action|Adventure|Drama
95;Broken Arrow(1996);|Action|Adventure|Thriller
101;Bottle Rocket(1996);|Adventure|Comedy|Crime|Romance
107;Muppet Treasure Island(1996);|Adventure|Children|Comedy|Musical
112;Rumble in the Bronx (Hont faan kui)(1995);|Action|Adventure|Comedy|Crime
126;NeverEnding Story III The(1994);|Adventure|Children|Fantasy
146;Amazing Panda Adventure The(1995);|Adventure|Children
150;Apollo 13(1995);|Adventure|Drama|IMAX
153;Batman Forever(1995);|Action|Adventure|Comedy|Crime
155;Beyond Rangoon(1995);|Adventure|Drama|War
158;Casper(1995);|Adventure|Children
160;Congo(1995);|Action|Adventure|Mystery|Sci-Fi
169;Free Willy 2: The Adventure Home(1995);|Adventure|Children|Drama
170;Hackers(1995);|Action|Adventure|Crime|Thriller
208;Waterworld(1995);|Action|Adventure|Sci-Fi
231;Dumb & Dumber (Dumb and Dumber)(1994);|Adventure|Comedy
238;Far From Home: The Adventures of Yellow Dog(1995);|Adventure|Children
258;Kid in King Arthurs Court A(1995);|Adventure|Children|Comedy|Fantasy|Romance
260;Star Wars: Episode IV - A New Hope(1977);|Action|Adventure|Sci-Fi
316;Stargate(1994);|Action|Adventure|Sci-Fi
329;Star Trek: Generations(1994);|Adventure|Drama|Sci-Fi
340;War The(1994);|Adventure|Drama|War
362;Jungle Book The(1994);|Adventure|Children|Romance
364;Lion King The(1994);|Adventure|Animation|Children|Drama|Musical|IMAX
368;Maverick(1994);|Adventure|Comedy|Western
380;True Lies(1994);|Action|Adventure|Comedy|Romance|Thriller
392;Secret Adventures of Tom Thumb The(1993);|Adventure|Animation
393;Street Fighter(1994);|Action|Adventure|Fantasy
421;Black Beauty(1994);|Adventure|Children|Drama
432;City Slickers II: The Legend of Curlys Gold(1994);|Adventure|Comedy|Western
434;Cliffhanger(1993);|Action|Adventure|Thriller
442;Demolition Man(1993);|Action|Adventure|Sci-Fi
443;Endless Summer 2 The(1994);|Adventure|Documentary
455;Free Willy(1993);|Adventure|Children|Drama
459;Getaway The(1994);|Action|Adventure|Crime|Drama|Romance|Thriller
464;Hard Target(1993);|Action|Adventure|Crime|Thriller
480;Jurassic Park(1993);|Action|Adventure|Sci-Fi|Thriller
484;Lassie(1994);|Adventure|Children
485;Last Action Hero(1993);|Action|Adventure|Comedy|Fantasy
494;Executive Decision(1996);|Action|Adventure|Thriller
533;Shadow The(1994);|Action|Adventure|Fantasy|Mystery
546;Super Mario Bros.(1993);|Action|Adventure|Children|Comedy|Fantasy|Sci-Fi
547;Surviving the Game(1994);|Action|Adventure|Thriller
552;Three Musketeers The(1993);|Action|Adventure|Comedy|Romance
558;Pagemaster The(1994);|Action|Adventure|Animation|Children|Fantasy
577;Andre(1994);|Adventure|Children|Drama
588;Aladdin(1992);|Adventure|Animation|Children|Comedy|Musical
590;Dances with Wolves(1990);|Adventure|Drama|Western
599;Wild Bunch The(1969);|Adventure|Western
609;Homeward Bound II: Lost in San Francisco(1996);|Adventure|Children
610;Heavy Metal(1981);|Action|Adventure|Animation|Horror|Sci-Fi
631;All Dogs Go to Heaven 2(1996);|Adventure|Animation|Children|Fantasy|Musical|Romance
648;Mission: Impossible(1996);|Action|Adventure|Mystery|Thriller
653;Dragonheart(1996);|Action|Adventure|Fantasy
661;James and the Giant Peach(1996);|Adventure|Animation|Children|Fantasy|Musical
673;Space Jam(1996);|Adventure|Animation|Children|Comedy|Fantasy|Sci-Fi
674;Barbarella(1968);|Adventure|Comedy|Sci-Fi
688;Operation Dumbo Drop(1995);|Action|Adventure|Comedy|War
704;Quest The(1996);|Action|Adventure
709;Oliver & Company(1988);|Adventure|Animation|Children|Comedy|Musical
711;Flipper(1996);|Adventure|Children
720;Wallace & Gromit: The Best of Aardman Animation(1996);|Adventure|Animation|Comedy
733;Rock The(1996);|Action|Adventure|Thriller
736;Twister(1996);|Action|Adventure|Romance|Thriller
754;Gold Diggers: The Secret of Bear Mountain(1995);|Adventure|Children
761;Phantom The(1996);|Action|Adventure
780;Independence Day (a.k.a. ID4)(1996);|Action|Adventure|Sci-Fi|Thriller
798;Daylight(1996);|Action|Adventure|Drama|Thriller
808;Alaska(1996);|Adventure|Children
809;Fled(1996);|Action|Adventure
828;Adventures of Pinocchio The(1996);|Adventure|Children
836;Chain Reaction(1996);|Action|Adventure|Thriller
849;Escape from L.A.(1996);|Action|Adventure|Sci-Fi|Thriller
888;Land Before Time III: The Time of the Great Giving(1995);|Adventure|Animation|Children|Musical
897;For Whom the Bell Tolls(1943);|Adventure|Drama|Romance|War
908;North by Northwest(1959);|Action|Adventure|Mystery|Romance|Thriller
919;Wizard of Oz The(1939);|Adventure|Children|Fantasy|Musical
924;2001: A Space Odyssey(1968);|Adventure|Drama|Sci-Fi
940;Adventures of Robin Hood The(1938);|Action|Adventure|Romance
941;Mark of Zorro The(1940);|Adventure
952;Around the World in 80 Days(1956);|Adventure|Comedy
969;African Queen The(1951);|Adventure|Comedy|Romance|War
970;Beat the Devil(1953);|Adventure|Comedy|Crime|Drama|Romance
986;Fly Away Home(1996);|Adventure|Children
990;Maximum Risk(1996);|Action|Adventure|Thriller
1008;Davy Crockett King of the Wild Frontier(1955);|Adventure|Western
1009;Escape to Witch Mountain(1975);|Adventure|Children|Fantasy
1015;Homeward Bound: The Incredible Journey(1993);|Adventure|Children|Drama
1017;Swiss Family Robinson(1960);|Adventure|Children
1027;Robin Hood: Prince of Thieves(1991);|Adventure|Drama
1030;Petes Dragon(1977);|Adventure|Animation|Children|Musical
1031;Bedknobs and Broomsticks(1971);|Adventure|Children|Musical
1032;Alice in Wonderland(1951);|Adventure|Animation|Children|Fantasy|Musical
1049;Ghost and the Darkness The(1996);|Action|Adventure
1085;Old Man and the Sea The(1958);|Adventure|Drama
1127;Abyss The(1989);|Action|Adventure|Sci-Fi|Thriller
1129;Escape from New York(1981);|Action|Adventure|Sci-Fi|Thriller
1136;Monty Python and the Holy Grail(1975);|Adventure|Comedy|Fantasy
1168;Bad Moon(1996);|Action|Adventure|Horror
1196;Star Wars: Episode V - The Empire Strikes Back(1980);|Action|Adventure|Sci-Fi
1197;Princess Bride The(1987);|Action|Adventure|Comedy|Fantasy|Romance
1198;Raiders of the Lost Ark (Indiana Jones and the Raiders of the Lost Ark)(1981);|Action|Adventure
1200;Aliens(1986);|Action|Adventure|Horror|Sci-Fi
1201;Good the Bad and the Ugly The (Buono il brutto il cattivo Il)(1966);|Action|Adventure|Western
1204;Lawrence of Arabia(1962);|Adventure|Drama|War
1210;Star Wars: Episode VI - Return of the Jedi(1983);|Action|Adventure|Sci-Fi
1215;Army of Darkness(1993);|Action|Adventure|Comedy|Fantasy|Horror
1216;Big Blue The (Grand bleu Le)(1988);|Adventure|Drama|Romance
1223;Grand Day Out with Wallace and Gromit A(1989);|Adventure|Animation|Children|Comedy|Sci-Fi
1250;Bridge on the River Kwai The(1957);|Adventure|Drama|War
1254;Treasure of the Sierra Madre The(1948);|Action|Adventure|Drama|Western
1259;Stand by Me(1986);|Adventure|Drama
1262;Great Escape The(1963);|Action|Adventure|Drama|War
1270;Back to the Future(1985);|Adventure|Comedy|Sci-Fi
1274;Akira(1988);|Action|Adventure|Animation|Sci-Fi
1275;Highlander(1986);|Action|Adventure|Fantasy
1287;Ben-Hur(1959);|Action|Adventure|Drama
1291;Indiana Jones and the Last Crusade(1989);|Action|Adventure
1303;Man Who Would Be King The(1975);|Adventure|Drama
1306;Until the End of the World (Bis ans Ende der Welt)(1991);|Adventure|Drama|Sci-Fi
1356;Star Trek: First Contact(1996);|Action|Adventure|Sci-Fi|Thriller
1367;101 Dalmatians(1996);|Adventure|Children|Comedy
1370;Die Hard 2(1990);|Action|Adventure|Thriller
1371;Star Trek: The Motion Picture(1979);|Adventure|Sci-Fi
1374;Star Trek II: The Wrath of Khan(1982);|Action|Adventure|Sci-Fi|Thriller
1375;Star Trek III: The Search for Spock(1984);|Action|Adventure|Sci-Fi
1376;Star Trek IV: The Voyage Home(1986);|Adventure|Comedy|Sci-Fi
1405;Beavis and Butt-Head Do America(1996);|Adventure|Animation|Comedy|Crime
1419;Walkabout(1971);|Adventure|Drama
1429;First Strike (Police Story 4: First Strike) (Ging chaat goo si 4: Ji gaan daan yam mo)(1996);|Action|Adventure|Comedy|Thriller
1495;Turbo: A Power Rangers Movie(1997);|Action|Adventure|Children
1499;Anaconda(1997);|Action|Adventure|Thriller
1517;Austin Powers: International Man of Mystery(1997);|Action|Adventure|Comedy
1525;Warriors of Virtue(1997);|Action|Adventure|Children|Fantasy
1527;Fifth Element The(1997);|Action|Adventure|Comedy|Sci-Fi
1544;Lost World: Jurassic Park The(1997);|Action|Adventure|Sci-Fi|Thriller
1552;Con Air(1997);|Action|Adventure|Thriller
1562;Batman & Robin(1997);|Action|Adventure|Fantasy|Thriller
1566;Hercules(1997);|Adventure|Animation|Children|Comedy|Musical
1582;Wild America(1997);|Adventure|Children
1587;Conan the Barbarian(1982);|Action|Adventure|Fantasy
1591;Spawn(1997);|Action|Adventure|Sci-Fi|Thriller
1595;Free Willy 3: The Rescue(1997);|Adventure|Children|Drama
1605;Excess Baggage(1997);|Adventure|Romance
1606;Kull the Conqueror(1997);|Action|Adventure
1610;Hunt for Red October The(1990);|Action|Adventure|Thriller
1615;Edge The(1997);|Adventure|Drama
1619;Seven Years in Tibet(1997);|Adventure|Drama|War
1681;Mortal Kombat: Annihilation(1997);|Action|Adventure|Fantasy
1688;Anastasia(1997);|Adventure|Animation|Children|Drama|Musical
1722;Tomorrow Never Dies(1997);|Action|Adventure|Thriller
1726;Postman The(1997);|Action|Adventure|Drama|Sci-Fi
1744;Firestorm(1998);|Action|Adventure|Thriller
1748;Dark City(1998);|Adventure|Film-Noir|Sci-Fi|Thriller
1750;Star Kid(1997);|Adventure|Children|Fantasy|Sci-Fi
1801;Man in the Iron Mask The(1998);|Action|Adventure|Drama
1806;Paulie(1998);|Adventure|Children|Comedy
1826;Barneys Great Adventure(1998);|Adventure|Children
1831;Lost in Space(1998);|Action|Adventure|Sci-Fi
1848;Borrowers The(1997);|Adventure|Children|Comedy|Fantasy
1881;Quest for Camelot(1998);|Adventure|Animation|Children|Fantasy|Musical
1884;Fear and Loathing in Las Vegas(1998);|Adventure|Comedy|Drama
1887;Almost Heroes(1998);|Adventure|Comedy|Western
1894;Six Days Seven Nights(1998);|Adventure|Comedy|Romance
1907;Mulan(1998);|Adventure|Animation|Children|Comedy|Drama|Musical|Romance
1931;Mutiny on the Bounty(1935);|Adventure|Drama
1948;Tom Jones(1963);|Adventure|Comedy|Romance
1967;Labyrinth(1986);|Adventure|Fantasy|Musical
2005;Goonies The(1985);|Action|Adventure|Children|Comedy|Fantasy
2011;Back to the Future Part II(1989);|Adventure|Comedy|Sci-Fi
2012;Back to the Future Part III(1990);|Adventure|Comedy|Sci-Fi|Western
2013;Poseidon Adventure The(1972);|Action|Adventure|Drama
2019;Seven Samurai (Shichinin no samurai)(1954);|Action|Adventure|Drama
2021;Dune(1984);|Adventure|Sci-Fi
2033;Black Cauldron The(1985);|Adventure|Animation|Children|Fantasy
2037;Candleshoe(1977);|Adventure|Children|Comedy
2039;Cheetah(1989);|Adventure|Children
2041;Condorman(1981);|Action|Adventure|Children|Comedy
2043;Darby OGill and the Little People(1959);|Adventure|Children|Fantasy
2045;Far Off Place A(1993);|Adventure|Children|Drama|Romance
2046;Flight of the Navigator(1986);|Adventure|Children|Sci-Fi
2047;Gnome-Mobile The(1967);|Adventure|Children|Fantasy|Musical
2050;Herbie Goes Bananas(1980);|Adventure|Children|Comedy
2051;Herbie Goes to Monte Carlo(1977);|Adventure|Children|Comedy
2054;Honey I Shrunk the Kids(1989);|Adventure|Children|Comedy|Fantasy|Sci-Fi
2056;In Search of the Castaways(1962);|Adventure|Children
2057;Incredible Journey The(1963);|Adventure|Children
2077;Journey of Natty Gann The(1985);|Adventure|Children
2079;Kidnapped(1960);|Adventure|Children|Drama
2085;101 Dalmatians (One Hundred and One Dalmatians)(1961);|Adventure|Animation|Children
2088;Popeye(1980);|Adventure|Comedy|Musical
2089;Rescuers Down Under The(1990);|Adventure|Animation|Children
2090;Rescuers The(1977);|Adventure|Animation|Children|Crime|Drama
2092;Return of Jafar The(1994);|Adventure|Animation|Children|Fantasy|Musical|Romance
2093;Return to Oz(1985);|Adventure|Children|Fantasy
2094;Rocketeer The(1991);|Action|Adventure|Sci-Fi
2099;Song of the South(1946);|Adventure|Animation|Children|Musical
2101;Squanto: A Warriors Tale(1994);|Adventure|Drama
2103;Tall Tale(1995);|Adventure|Children|Fantasy|Western
2105;Tron(1982);|Action|Adventure|Sci-Fi
2115;Indiana Jones and the Temple of Doom(1984);|Action|Adventure|Fantasy
2116;Lord of the Rings The(1978);|Adventure|Animation|Children|Fantasy
2133;Adventures in Babysitting(1987);|Adventure|Comedy
2135;Doctor Dolittle(1967);|Adventure|Children|Musical
2138;Watership Down(1978);|Adventure|Animation|Children|Drama|Fantasy
2139;Secret of NIMH The(1982);|Adventure|Animation|Children|Drama
2140;Dark Crystal The(1982);|Adventure|Fantasy
2141;American Tail An(1986);|Adventure|Animation|Children|Comedy
2142;American Tail: Fievel Goes West An(1991);|Adventure|Animation|Children|Musical|Western
2143;Legend(1985);|Adventure|Fantasy|Romance
2147;Clan of the Cave Bear The(1986);|Adventure|Drama|Fantasy
2150;Gods Must Be Crazy The(1980);|Adventure|Comedy
2153;Avengers The(1998);|Action|Adventure
2161;NeverEnding Story The(1984);|Adventure|Children|Fantasy
2162;NeverEnding Story II: The Next Chapter The(1990);|Adventure|Children|Fantasy
2173;Navigator: A Mediaeval Odyssey The(1988);|Adventure|Fantasy|Sci-Fi
2183;Man Who Knew Too Much The(1956);|Adventure|Drama|Mystery|Thriller
2193;Willow(1988);|Action|Adventure|Fantasy
2265;Nothing But Trouble(1991);|Adventure|Comedy
2275;Six-String Samurai(1998);|Action|Adventure|Sci-Fi
2294;Antz(1998);|Adventure|Animation|Children|Comedy|Fantasy
2297;What Dreams May Come(1998);|Adventure|Drama|Fantasy|Romance
2344;Runaway Train(1985);|Action|Adventure|Drama|Thriller
2355;Bugs Life A(1998);|Adventure|Animation|Children|Comedy
2366;King Kong(1933);|Action|Adventure|Fantasy|Horror
2367;King Kong(1976);|Adventure|Fantasy|Romance|Sci-Fi|Thriller
2368;King Kong Lives(1986);|Adventure|Sci-Fi
2370;Emerald Forest The(1985);|Action|Adventure|Drama
2373;Red Sonja(1985);|Action|Adventure|Fantasy
2376;View to a Kill A(1985);|Action|Adventure|Thriller
2384;Babe: Pig in the City(1998);|Adventure|Children|Drama
2399;Santa Claus: The Movie(1985);|Adventure|Children|Fantasy
2402;Rambo: First Blood Part II(1985);|Action|Adventure|Thriller
2403;First Blood (Rambo: First Blood)(1982);|Action|Adventure|Drama|Thriller
2404;Rambo III(1988);|Action|Adventure|Thriller|War
2405;Jewel of the Nile The(1985);|Action|Adventure|Comedy|Romance
2406;Romancing the Stone(1984);|Action|Adventure|Comedy|Romance
2414;Young Sherlock Holmes(1985);|Action|Adventure|Children|Fantasy|Mystery|Thriller
2421;Karate Kid Part II The(1986);|Action|Adventure|Drama
2422;Karate Kid Part III The(1989);|Action|Adventure|Children|Drama
2429;Mighty Joe Young(1998);|Action|Adventure|Drama|Fantasy|Thriller
2430;Mighty Joe Young(1949);|Adventure|Children|Drama
2449;Garbage Pail Kids Movie The(1987);|Adventure|Children|Comedy
2450;Howard the Duck(1986);|Adventure|Comedy|Sci-Fi
2470;Crocodile Dundee(1986);|Adventure|Comedy
2471;Crocodile Dundee II(1988);|Action|Adventure|Comedy
2483;Day of the Beast The (Dia de la Bestia El)(1995);|Adventure|Comedy|Thriller
2524;Towering Inferno The(1974);|Action|Adventure|Drama|Thriller
2528;Logans Run(1976);|Action|Adventure|Sci-Fi
2537;Beyond the Poseidon Adventure(1979);|Adventure
2615;My Science Project(1985);|Adventure|Sci-Fi
2617;Mummy The(1999);|Action|Adventure|Comedy|Fantasy|Horror|Thriller
2625;Black Mask (Hak hap)(1996);|Action|Adventure|Crime|Sci-Fi|Thriller
2628;Star Wars: Episode I - The Phantom Menace(1999);|Action|Adventure|Sci-Fi
2640;Superman(1978);|Action|Adventure|Sci-Fi
2642;Superman III(1983);|Action|Adventure|Sci-Fi
2643;Superman IV: The Quest for Peace(1987);|Action|Adventure|Sci-Fi
2683;Austin Powers: The Spy Who Shagged Me(1999);|Action|Adventure|Comedy
2687;Tarzan(1999);|Adventure|Animation|Children|Drama
2720;Inspector Gadget(1999);|Action|Adventure|Children|Comedy
2733;Vibes(1988);|Adventure|Comedy|Romance
2734;Mosquito Coast The(1986);|Adventure|Drama|Thriller
2735;Golden Child The(1986);|Action|Adventure|Comedy|Fantasy|Mystery
2748;Allan Quatermain and the Lost City of Gold(1987);|Action|Adventure|Comedy
2761;Iron Giant The(1999);|Adventure|Animation|Children|Drama|Sci-Fi
2794;European Vacation (aka National Lampoons European Vacation)(1985);|Adventure|Comedy|Romance
2800;Little Nemo: Adventures in Slumberland(1992);|Adventure|Animation|Children|Drama|Fantasy
2822;Medicine Man(1992);|Adventure|Romance
2826;13th Warrior The(1999);|Action|Adventure|Fantasy
2835;Chill Factor(1999);|Action|Adventure|Comedy|Thriller
2846;Adventures of Milo and Otis The (Koneko monogatari)(1986);|Adventure|Children|Comedy|Drama
2847;Only Angels Have Wings(1939);|Adventure|Drama|Romance
2851;Saturn 3(1980);|Adventure|Sci-Fi|Thriller
2857;Yellow Submarine(1968);|Adventure|Animation|Comedy|Fantasy|Musical
2863;Hard Days Night A(1964);|Adventure|Comedy|Musical
2871;Deliverance(1972);|Adventure|Drama|Thriller
2872;Excalibur(1981);|Adventure|Fantasy
2879;Armour of God II: Operation Condor (Operation Condor) (Fei ying gai wak)(1991);|Action|Adventure|Comedy
2880;Armour of God (Long xiong hu di)(1987);|Action|Adventure|Comedy
2890;Three Kings(1999);|Action|Adventure|Comedy|Drama|War
2893;Plunkett & MaCleane(1999);|Action|Adventure|Drama
2899;Gullivers Travels(1939);|Adventure|Animation|Children
2905;Sanjuro (Tsubaki Sanjûrô)(1962);|Action|Adventure|Drama
2916;Total Recall(1990);|Action|Adventure|Sci-Fi|Thriller
2936;Sullivans Travels(1941);|Adventure|Comedy|Romance
2947;Goldfinger(1964);|Action|Adventure|Thriller
2948;From Russia with Love(1963);|Action|Adventure|Thriller
2949;Dr. No(1962);|Action|Adventure|Thriller
2950;Blue Lagoon The(1980);|Adventure|Drama|Romance
2966;Straight Story The(1999);|Adventure|Drama
2968;Time Bandits(1981);|Adventure|Comedy|Fantasy|Sci-Fi
2970;Fitzcarraldo(1982);|Adventure|Drama
2987;Who Framed Roger Rabbit?(1988);|Adventure|Animation|Children|Comedy|Crime|Fantasy|Mystery
2989;For Your Eyes Only(1981);|Action|Adventure|Thriller
2990;Licence to Kill(1989);|Action|Adventure|Thriller
2991;Live and Let Die(1973);|Action|Adventure|Thriller
2993;Thunderball(1965);|Action|Adventure|Thriller
3000;Princess Mononoke (Mononoke-hime)(1997);|Action|Adventure|Animation|Drama|Fantasy
3030;Yojimbo(1961);|Action|Adventure
3034;Robin Hood(1973);|Adventure|Animation|Children|Comedy|Musical
3036;Quest for Fire (Guerre du feu La)(1981);|Adventure|Drama
3052;Dogma(1999);|Adventure|Comedy|Fantasy
3054;Pokemon: The First Movie(1998);|Adventure|Animation|Children|Fantasy|Sci-Fi
3070;Adventures of Buckaroo Banzai Across the 8th Dimension The(1984);|Adventure|Comedy|Sci-Fi
3082;World Is Not Enough The(1999);|Action|Adventure|Thriller
3114;Toy Story 2(1999);|Adventure|Animation|Children|Comedy|Fantasy
3153;7th Voyage of Sinbad The(1958);|Action|Adventure|Fantasy
3166;Brenda Starr(1989);|Adventure
3168;Easy Rider(1969);|Adventure|Drama
3175;Galaxy Quest(1999);|Adventure|Comedy|Sci-Fi
3190;Supernova(2000);|Adventure|Sci-Fi|Thriller
3207;Snows of Kilimanjaro The(1952);|Adventure
3259;Far and Away(1992);|Adventure|Drama|Romance
3285;Beach The(2000);|Adventure|Drama
3347;Never Cry Wolf(1983);|Adventure|Drama
3390;Shanghai Surprise(1986);|Adventure|Crime|Drama|Romance
3396;Muppet Movie The(1979);|Adventure|Children|Comedy|Musical
3400;Were Back! A Dinosaurs Story(1993);|Adventure|Animation|Children|Fantasy
3401;Baby... Secret of the Lost Legend(1985);|Adventure|Sci-Fi
3406;Captain Horatio Hornblower R.N.(1951);|Action|Adventure|Drama|War
3412;Bear The (Ours L)(1988);|Adventure|Children|Drama
3417;Crimson Pirate The(1952);|Adventure|Comedy
3418;Thelma & Louise(1991);|Adventure|Crime|Drama
3440;Teenage Mutant Ninja Turtles III(1993);|Action|Adventure|Children|Comedy|Fantasy
3461;Lord of the Flies(1963);|Adventure|Drama|Thriller
3470;Dersu Uzala(1975);|Adventure|Drama
3471;Close Encounters of the Third Kind(1977);|Adventure|Drama|Sci-Fi
3479;Ladyhawke(1985);|Adventure|Fantasy|Romance
3489;Hook(1991);|Adventure|Comedy|Fantasy
3492;Son of the Sheik The(1926);|Adventure|Comedy|Romance
3494;True Grit(1969);|Adventure|Drama|Western
3508;Outlaw Josey Wales The(1976);|Action|Adventure|Drama|Thriller|Western
3578;Gladiator(2000);|Action|Adventure|Drama
3608;Pee-wees Big Adventure(1985);|Adventure|Comedy
3612;The Slipper and the Rose: The Story of Cinderella(1976);|Adventure|Children|Fantasy|Musical|Romance
3615;Dinosaur(2000);|Adventure|Animation|Children
3623;Mission: Impossible II(2000);|Action|Adventure|Thriller
3624;Shanghai Noon(2000);|Action|Adventure|Comedy|Western
3629;Gold Rush The(1925);|Adventure|Comedy|Romance
3633;On Her Majestys Secret Service(1969);|Action|Adventure|Romance|Thriller
3635;Spy Who Loved Me The(1977);|Action|Adventure|Thriller
3638;Moonraker(1979);|Action|Adventure|Sci-Fi|Thriller
3639;Man with the Golden Gun The(1974);|Action|Adventure|Thriller
3654;Guns of Navarone The(1961);|Action|Adventure|Drama|War
3672;Benji(1974);|Adventure|Children
3673;Benji the Hunted(1987);|Adventure|Children
3674;For the Love of Benji(1977);|Adventure|Children|Comedy|Drama
3687;Light Years (Gandahar)(1988);|Adventure|Animation|Fantasy|Sci-Fi
3699;Starman(1984);|Adventure|Drama|Romance|Sci-Fi
3702;Mad Max(1979);|Action|Adventure|Sci-Fi
3703;Road Warrior The (Mad Max 2)(1981);|Action|Adventure|Sci-Fi|Thriller
3704;Mad Max Beyond Thunderdome(1985);|Action|Adventure|Sci-Fi
3740;Big Trouble in Little China(1986);|Action|Adventure|Comedy|Fantasy
3745;Titan A.E.(2000);|Action|Adventure|Animation|Children|Sci-Fi
3752;Me Myself & Irene(2000);|Adventure|Comedy
3754;Adventures of Rocky and Bullwinkle The(2000);|Adventure|Animation|Children|Comedy|Fantasy
3771;The Golden Voyage of Sinbad(1973);|Action|Adventure|Fantasy
3793;X-Men(2000);|Action|Adventure|Sci-Fi
3805;Knightriders(1981);|Action|Adventure|Drama
3807;Sinbad and the Eye of the Tiger(1977);|Adventure|Fantasy
3827;Space Cowboys(2000);|Action|Adventure|Comedy|Sci-Fi
3834;Bronco Billy(1980);|Adventure|Drama|Romance
3864;Godzilla 2000 (Gojira ni-sen mireniamu)(1999);|Action|Adventure|Sci-Fi
3877;Supergirl(1984);|Action|Adventure|Fantasy
3889;Highlander: Endgame (Highlander IV)(2000);|Action|Adventure|Fantasy
3926;Voyage to the Bottom of the Sea(1961);|Adventure|Sci-Fi
3927;Fantastic Voyage(1966);|Adventure|Sci-Fi
3930;Creature from the Black Lagoon The(1954);|Adventure|Horror|Sci-Fi
3945;Digimon: The Movie(2000);|Adventure|Animation|Children
3959;Time Machine The(1960);|Action|Adventure|Sci-Fi
3984;Diamonds Are Forever(1971);|Action|Adventure|Thriller
3997;Dungeons & Dragons(2000);|Action|Adventure|Comedy|Fantasy
3999;Vertical Limit(2000);|Action|Adventure
4000;Bounty The(1984);|Adventure|Drama
4005;Living Daylights The(1987);|Action|Adventure|Thriller
4006;Transformers: The Movie(1986);|Adventure|Animation|Children|Sci-Fi
4016;Emperors New Groove The(2000);|Adventure|Animation|Children|Comedy|Fantasy
4027;O Brother Where Art Thou?(2000);|Adventure|Comedy|Crime
4103;Empire of the Sun(1987);|Action|Adventure|Drama|War
4121;Innerspace(1987);|Action|Adventure|Comedy|Sci-Fi
4133;Masters of the Universe(1987);|Action|Adventure|Fantasy|Sci-Fi
4135;Monster Squad The(1987);|Adventure|Comedy|Horror
4142;Left Behind: The Movie(2000);|Action|Adventure|Drama|Thriller
4207;Navy Seals(1990);|Action|Adventure|War
4232;Spy Kids(2001);|Action|Adventure|Children|Comedy
4247;Joe Dirt(2001);|Adventure|Comedy|Mystery|Romance
4270;Mummy Returns The(2001);|Action|Adventure|Comedy|Thriller
4275;Krull(1983);|Action|Adventure|Fantasy|Sci-Fi
4277;Lost World The(1925);|Adventure|Sci-Fi
4306;Shrek(2001);|Adventure|Animation|Children|Comedy|Fantasy|Romance
4312;Himalaya (Himalaya - lenfance dun chef)(1999);|Adventure|Drama
4327;Magnificent Seven The(1960);|Adventure|Western
4339;Von Ryans Express(1965);|Action|Adventure|Drama|War
4366;Atlantis: The Lost Empire(2001);|Adventure|Animation|Children|Fantasy
4367;Lara Croft: Tomb Raider(2001);|Action|Adventure
4370;A.I. Artificial Intelligence(2001);|Adventure|Drama|Sci-Fi
4445;T-Rex: Back to the Cretaceous(1998);|Adventure|Documentary|IMAX
4446;Final Fantasy: The Spirits Within(2001);|Adventure|Animation|Fantasy|Sci-Fi
4467;Adventures of Baron Munchausen The(1988);|Adventure|Comedy|Fantasy
4477;Big Top Pee-Wee(1988);|Adventure|Children|Comedy
4519;Land Before Time The(1988);|Adventure|Animation|Children|Fantasy
4534;Return to Snowy River (a.k.a. The Man From Snowy River II)(1988);|Adventure|Drama|Western
4543;Shoot to Kill(1988);|Action|Adventure
4565;American Ninja(1985);|Action|Adventure
4566;American Ninja 2: The Confrontation(1987);|Action|Adventure
4567;American Ninja 3: Blood Hunt(1989);|Action|Adventure
4571;Bill & Teds Excellent Adventure(1989);|Adventure|Comedy|Sci-Fi
4591;Erik the Viking(1989);|Adventure|Comedy|Fantasy
4634;Penn & Teller Get Killed(1989);|Adventure|Comedy
4638;Jurassic Park III(2001);|Action|Adventure|Sci-Fi|Thriller
4643;Planet of the Apes(2001);|Action|Adventure|Drama|Sci-Fi
4686;Weekend at Bernies II(1993);|Adventure|Comedy
4688;Black Robe(1991);|Adventure|Drama
4704;Hatari!(1962);|Adventure|Comedy
4734;Jay and Silent Bob Strike Back(2001);|Adventure|Comedy
4756;Musketeer The(2001);|Action|Adventure|Drama|Romance
4795;Father Goose(1964);|Adventure|Comedy|Romance|War
4799;Its a Mad Mad Mad Mad World(1963);|Action|Adventure|Comedy|Crime
4800;King Solomons Mines(1937);|Action|Adventure|Drama|Romance|Thriller
4812;SpaceCamp(1986);|Adventure|Sci-Fi
4818;Extreme Days(2001);|Action|Adventure|Comedy|Drama
4821;Joy Ride(2001);|Adventure|Thriller
4826;Big Red One The(1980);|Action|Adventure|Drama|War
4886;Monsters Inc.(2001);|Adventure|Animation|Children|Comedy|Fantasy
4896;Harry Potter and the Sorcerers Stone (a.k.a. Harry Potter and the Philosophers Stone)(2001);|Adventure|Children|Fantasy
4899;Black Knight(2001);|Adventure|Comedy|Fantasy
4911;Jabberwocky(1977);|Adventure|Comedy|Fantasy
4915;Beastmaster The(1982);|Action|Adventure|Fantasy
4933;Earthling The(1980);|Adventure|Drama
4941;Flash Gordon(1980);|Action|Adventure|Sci-Fi
4951;Lord of the Flies(1990);|Adventure|Drama|Thriller
4956;Stunt Man The(1980);|Action|Adventure|Comedy|Drama|Romance|Thriller
4964;Baran(2001);|Adventure|Drama|Romance
4980;Bill & Teds Bogus Journey(1991);|Adventure|Comedy|Fantasy|Sci-Fi
4987;Spacehunter: Adventures in the Forbidden Zone(1983);|Action|Adventure|Sci-Fi
4988;White Water Summer(1987);|Adventure
4990;Jimmy Neutron: Boy Genius(2001);|Adventure|Animation|Children|Comedy
4993;Lord of the Rings: The Fellowship of the Ring The(2001);|Adventure|Fantasy
4998;Defiant Ones The(1958);|Adventure|Crime|Drama|Thriller
5018;Motorama(1991);|Adventure|Comedy|Crime|Drama|Fantasy|Mystery|Sci-Fi|Thriller
5038;Flight of Dragons The(1982);|Adventure|Animation|Children|Drama|Fantasy
5039;Dragonslayer(1981);|Action|Adventure|Fantasy
5040;Conan the Destroyer(1984);|Action|Adventure|Fantasy
5048;Snow Dogs(2002);|Adventure|Children|Comedy
5064;The Count of Monte Cristo(2002);|Action|Adventure|Drama|Thriller
5069;Escaflowne: The Movie (Escaflowne)(2000);|Action|Adventure|Animation|Drama|Fantasy
5076;Adventures of Huck Finn The(1993);|Adventure|Children|Comedy|Drama
5109;Return to Never Land(2002);|Adventure|Animation|Children
5171;Time Machine The(2002);|Action|Adventure|Sci-Fi
5218;Ice Age(2002);|Adventure|Animation|Children|Comedy
5227;Barabbas(1961);|Adventure|Drama
5244;Shogun Assassin(1980);|Action|Adventure
5264;Clockstoppers(2002);|Action|Adventure|Sci-Fi|Thriller
5300;3:10 to Yuma(1957);|Action|Adventure|Drama|Thriller|Western
5301;Bite the Bullet(1975);|Action|Adventure|Western
5302;Breakout(1975);|Action|Adventure
5313;The Scorpion King(2002);|Action|Adventure|Fantasy|Thriller
5349;Spider-Man(2002);|Action|Adventure|Sci-Fi|Thriller
5357;Iron Will(1994);|Adventure
5361;White Fang(1991);|Adventure
5378;Star Wars: Episode II - Attack of the Clones(2002);|Action|Adventure|Sci-Fi|IMAX
5389;Spirit: Stallion of the Cimarron(2002);|Adventure|Animation|Children|Western
5419;Scooby-Doo(2002);|Adventure|Children|Comedy|Fantasy|Mystery
5433;Silver Bullet (Stephen Kings Silver Bullet)(1985);|Adventure|Drama|Horror|Mystery|Thriller
5444;Lilo & Stitch(2002);|Adventure|Animation|Children|Sci-Fi
5446;Rabbit-Proof Fence(2002);|Adventure|Drama
5448;Hey Arnold! The Movie(2002);|Adventure|Animation|Children|Comedy
5462;Crocodile Hunter: Collision Course The(2002);|Adventure|Comedy
5463;Reign of Fire(2002);|Action|Adventure|Fantasy
5479;K-19: The Widowmaker(2002);|Action|Adventure|Drama|Thriller
5504;Spy Kids 2: The Island of Lost Dreams(2002);|Adventure|Children
5523;Adventures of Pluto Nash The(2002);|Action|Adventure|Comedy|Sci-Fi
5524;Blue Crush(2002);|Adventure|Drama|Romance
5540;Clash of the Titans(1981);|Action|Adventure|Fantasy|Romance
5582;Captain Ron(1992);|Adventure|Comedy
5611;Four Feathers The(2002);|Adventure|War
5618;Spirited Away (Sen to Chihiro no kamikakushi)(2001);|Adventure|Animation|Fantasy
5638;Godzilla vs. Mothra (Mosura tai Gojira)(1964);|Action|Adventure|Fantasy|Sci-Fi
5672;Pokemon 4 Ever (a.k.a. Pokemon 4: The Movie)(2002);|Adventure|Animation|Children|Fantasy
5700;The Pumaman(1980);|Action|Adventure|Fantasy|Sci-Fi
5796;Casino Royale(1967);|Action|Adventure|Comedy
5803;I Spy(2002);|Action|Adventure|Comedy|Crime
5816;Harry Potter and the Chamber of Secrets(2002);|Adventure|Fantasy
5830;Mysterious Island(1961);|Adventure|Sci-Fi
5839;My Fathers Glory (La gloire de mon père)(1990);|Adventure|Drama
5841;Return to the Blue Lagoon(1991);|Adventure|Romance
5864;Tarzan the Ape Man(1981);|Adventure
5872;Die Another Day(2002);|Action|Adventure|Thriller
5880;Extreme Ops(2002);|Action|Adventure|Crime|Thriller
5882;Treasure Planet(2002);|Adventure|Animation|Children|Sci-Fi|IMAX
5952;Lord of the Rings: The Two Towers The(2002);|Adventure|Fantasy
6016;City of God (Cidade de Deus)(2002);|Action|Adventure|Crime|Drama|Thriller
6116;Pirate Movie The(1982);|Adventure|Comedy|Musical
6156;Shanghai Knights(2003);|Action|Adventure|Comedy
6162;Gerry(2002);|Adventure|Drama
6170;Black Stallion The(1979);|Adventure|Children|Drama
6232;Born Free(1966);|Adventure|Children|Drama
6239;Journey to the Center of the Earth(1959);|Adventure|Children|Sci-Fi
6276;Wake of the Red Witch(1948);|Action|Adventure|Drama
6294;Bulletproof Monk(2003);|Action|Adventure|Sci-Fi
6297;Holes(2003);|Adventure|Children|Comedy|Mystery
6316;Wiz The(1978);|Adventure|Children|Comedy|Fantasy|Musical
6333;X2: X-Men United(2003);|Action|Adventure|Sci-Fi|Thriller
6350;Laputa: Castle in the Sky (Tenkû no shiro Rapyuta)(1986);|Action|Adventure|Animation|Children|Fantasy|Sci-Fi
6365;Matrix Reloaded The(2003);|Action|Adventure|Sci-Fi|Thriller|IMAX
6377;Finding Nemo(2003);|Adventure|Animation|Children|Comedy
6405;Treasure Island(1950);|Adventure|Children
6446;Comancheros The(1961);|Action|Adventure|Drama|Romance
6448;Flight of the Phoenix The(1965);|Action|Adventure|Drama
6458;Blue Max The(1966);|Adventure|Drama|War
6503;Charlies Angels: Full Throttle(2003);|Action|Adventure|Comedy|Crime|Thriller
6527;Scaramouche(1952);|Adventure|Romance
6534;Hulk(2003);|Action|Adventure|Sci-Fi
6536;Sinbad: Legend of the Seven Seas(2003);|Adventure|Animation|Children|Fantasy
6537;Terminator 3: Rise of the Machines(2003);|Action|Adventure|Sci-Fi
6539;Pirates of the Caribbean: The Curse of the Black Pearl(2003);|Action|Adventure|Comedy|Fantasy
6564;Lara Croft Tomb Raider: The Cradle of Life(2003);|Action|Adventure|Comedy|Romance|Thriller
6566;Spy Kids 3-D: Game Over(2003);|Action|Adventure|Children
6584;Whats Up Tiger Lily?(1966);|Adventure|Comedy|Crime|Thriller
6624;Agent Cody Banks(2003);|Action|Adventure|Children|Fantasy
6630;Inn of the Sixth Happiness The(1958);|Adventure|Drama
6645;THX 1138(1971);|Action|Adventure|Drama|Sci-Fi
6664;Commando(1985);|Action|Adventure
6709;Once Upon a Time in Mexico(2003);|Action|Adventure|Crime|Thriller
6721;Once Upon a Time in China (Wong Fei Hung)(1991);|Action|Adventure|Drama
6725;Sgt. Peppers Lonely Hearts Club Band(1978);|Adventure|Musical
6743;Jungle Book(1942);|Adventure|Fantasy
6760;In This World(2002);|Adventure|Drama
6764;Rundown The(2003);|Action|Adventure|Comedy
6808;Where Eagles Dare(1968);|Action|Adventure|War
6857;Ninja Scroll (Jûbei ninpûchô)(1995);|Action|Adventure|Animation|Fantasy
6889;Brother Bear(2003);|Adventure|Animation|Children
6902;Interstate 60(2002);|Adventure|Comedy|Drama|Fantasy|Mystery|Sci-Fi|Thriller
6934;Matrix Revolutions The(2003);|Action|Adventure|Sci-Fi|Thriller|IMAX
6947;Master and Commander: The Far Side of the World(2003);|Adventure|Drama|War
6950;Missing The(2003);|Adventure|Thriller|Western
6959;Timeline(2003);|Action|Adventure|Sci-Fi
6986;Ben-Hur: A Tale of the Christ(1925);|Adventure|Drama|Romance
6990;The Great Train Robbery(1978);|Action|Adventure|Comedy|Crime|Drama
6991;Greystoke: The Legend of Tarzan Lord of the Apes(1984);|Adventure|Drama|Romance
7000;Hudson Hawk(1991);|Action|Adventure|Comedy
7048;Nothing to Lose(1997);|Action|Adventure|Comedy|Crime
7063;Aguirre: The Wrath of God (Aguirre der Zorn Gottes)(1972);|Adventure|Drama
7070;Red River(1948);|Action|Adventure|Western
7075;Court Jester The(1956);|Adventure|Comedy|Musical
7087;Passage to India A(1984);|Adventure|Drama
7090;Hero (Ying xiong)(2002);|Action|Adventure|Drama
7099;Nausicaa of the Valley of the Wind (Kaze no tani no Naushika)(1984);|Adventure|Animation|Drama|Fantasy|Sci-Fi
7143;Last Samurai The(2003);|Action|Adventure|Drama|War
7153;Lord of the Rings: The Return of the King The(2003);|Action|Adventure|Drama|Fantasy
7164;Peter Pan(2003);|Action|Adventure|Children|Fantasy
7215;To Have and Have Not(1944);|Adventure|Drama|Romance|Thriller|War
7247;Chitty Chitty Bang Bang(1968);|Adventure|Children|Comedy|Fantasy|Musical
7248;Suriyothai (a.k.a. Legend of Suriyothai The)(2001);|Action|Adventure|Drama|War
7256;Touching the Void(2003);|Adventure|Documentary
7302;Thief of Bagdad The(1924);|Action|Adventure|Fantasy
7307;Flesh & Blood(1985);|Action|Adventure|Drama|War
7308;King Solomons Mines(1985);|Adventure|Comedy
7309;Black Pirate The(1926);|Action|Adventure
7317;EuroTrip(2004);|Adventure|Comedy
7324;Hidalgo(2004);|Adventure|Drama
7355;Mr. Toads Wild Ride (a.k.a. The Wind in the Willows)(1996);|Adventure|Animation|Comedy
7369;Scooby-Doo 2: Monsters Unleashed(2004);|Action|Adventure|Children|Comedy|Mystery
7373;Hellboy(2004);|Action|Adventure|Fantasy|Horror
7386;Ten Commandments The(1956);|Adventure|Drama
7394;Those Magnificent Men in Their Flying Machines(1965);|Action|Adventure|Comedy
7407;Africa Screams(1949);|Adventure|Comedy
7453;New York Minute(2004);|Action|Adventure|Comedy
7454;Van Helsing(2004);|Action|Adventure|Fantasy|Horror
7458;Troy(2004);|Action|Adventure|Drama|War
7481;Enemy Mine(1985);|Adventure|Drama|Sci-Fi
7569;You Only Live Twice(1967);|Action|Adventure|Sci-Fi|Thriller
7570;Octopussy(1983);|Action|Adventure|Thriller
7573;Never Say Never Again(1983);|Action|Adventure|Thriller
7649;Babylon 5: In the Beginning(1998);|Adventure|Sci-Fi
7700;Wages of Fear The (Salaire de la peur Le)(1953);|Action|Adventure|Drama|Thriller
7720;Four Musketeers The(1974);|Action|Adventure|Comedy|Romance
7743;Explorers(1985);|Adventure|Children|Sci-Fi
7757;Jason and the Argonauts(1963);|Action|Adventure|Fantasy
7771;Zorba the Greek (Alexis Zorbas)(1964);|Adventure|Drama
7774;My Side of the Mountain(1969);|Adventure|Children
7802;Warriors The(1979);|Action|Adventure|Crime|Thriller
7810;Babylon 5: A Call to Arms(1999);|Adventure|Sci-Fi
7822;Mogambo(1953);|Adventure|Drama|Romance
7840;Gunga Din(1939);|Adventure|Comedy|War
7915;Samurai Fiction (SF: Episode One)(1998);|Action|Adventure|Comedy
7925;Hidden Fortress The (Kakushi-toride no san-akunin)(1958);|Action|Adventure
8015;Phantom Tollbooth The(1970);|Adventure|Animation|Children|Fantasy
8167;Captain Blood(1935);|Action|Adventure|Romance
8253;Lupin III: The Castle Of Cagliostro (Rupan sansei: Kariosutoro no shiro)(1979);|Action|Adventure|Animation|Comedy|Crime|Mystery
8341;Oliver Twist(1948);|Adventure|Crime|Drama
8360;Shrek 2(2004);|Adventure|Animation|Children|Comedy|Musical|Romance
8361;Day After Tomorrow The(2004);|Action|Adventure|Drama|Sci-Fi|Thriller
8368;Harry Potter and the Prisoner of Azkaban(2004);|Adventure|Fantasy|IMAX
8403;Helen of Troy(1956);|Action|Adventure|Drama|Romance|War
8485;Samsara(2001);|Adventure|Drama|Romance
8526;Around the World in 80 Days(2004);|Adventure|Children|Comedy
8534;Two Brothers (Deux frères)(2004);|Adventure|Children|Drama
8537;Kaena: The Prophecy (Kaena: La prophetie)(2003);|Action|Adventure|Animation|Children|Sci-Fi
8580;Into the Woods(1991);|Adventure|Comedy|Fantasy|Musical
8583;Clock The(1945);|Adventure|Drama|Romance
8591;Philadelphia Experiment The(1984);|Adventure|Drama|Sci-Fi
8607;Tokyo Godfathers(2003);|Adventure|Animation|Drama
8612;Lassie Come Home(1943);|Adventure|Children|Drama
8633;Last Starfighter The(1984);|Action|Adventure|Comedy|Sci-Fi
8636;Spider-Man 2(2004);|Action|Adventure|Sci-Fi|IMAX
8640;King Arthur(2004);|Action|Adventure|Drama|War
8644;I Robot(2004);|Action|Adventure|Sci-Fi|Thriller
8654;Prince Valiant(1954);|Adventure
8661;How the West Was Won(1962);|Adventure|Drama|Western
8684;Man Escaped A (Un  condamne à mort sest echappe ou Le vent souffle où il veut)(1956);|Adventure|Drama
8700;Destination Tokyo(1943);|Adventure|War
8713;New Adventures of Pippi Longstocking The(1988);|Adventure|Children|Fantasy|Musical
8743;Biggles(1986);|Adventure|Fantasy|Sci-Fi
8795;Musa the Warrior (Musa)(2001);|Action|Adventure|Drama|War
8807;Harold and Kumar Go to White Castle(2004);|Adventure|Comedy
8811;Yu-Gi-Oh!(2004);|Action|Adventure|Animation|Fantasy
8830;Anacondas: The Hunt for the Blood Orchid(2004);|Adventure|Drama|Horror|Sci-Fi|Thriller
8832;Warriors of Heaven and Earth (Tian di ying xiong)(2003);|Action|Adventure|Drama
8850;Flipper(1963);|Adventure|Children|Drama
8865;Sky Captain and the World of Tomorrow(2004);|Action|Adventure|Sci-Fi
8873;Motorcycle Diaries The (Diarios de motocicleta)(2004);|Adventure|Drama
8917;Team America: World Police(2004);|Action|Adventure|Animation|Comedy
8961;Incredibles The(2004);|Action|Adventure|Animation|Children|Comedy
8965;Polar Express The(2004);|Adventure|Animation|Children|Fantasy|IMAX
8968;After the Sunset(2004);|Action|Adventure|Comedy|Crime|Thriller
8972;National Treasure(2004);|Action|Adventure|Drama|Mystery|Thriller
8974;SpongeBob SquarePants Movie The(2004);|Adventure|Animation|Children|Comedy
8977;Alexander(2004);|Action|Adventure|Drama|War
9004;D.A.R.Y.L.(1985);|Adventure|Children|Sci-Fi
25807;Black Cat The(1934);|Adventure|Crime|Horror|Thriller
25962;King Solomons Mines(1950);|Action|Adventure|Romance
25995;Samurai I: Musashi Miyamoto (Miyamoto Musashi)(1954);|Action|Adventure|Drama
26005;Samurai II: Duel at Ichijoji Temple (Zoku Miyamoto Musashi: Ichijôji no kettô)(1955);|Action|Adventure|Drama
26012;Samurai III: Duel on Ganryu Island (a.k.a. Bushido) (Miyamoto Musashi kanketsuhen: kettô Ganryûjima)(1956);|Action|Adventure|Drama
26013;Rodan (Sora no daikaijû Radon)(1956);|Adventure
26025;Spirit of St. Louis The(1957);|Adventure|Drama
26085;Mutiny on the Bounty(1962);|Adventure|Drama|Romance
26093;Wonderful World of the Brothers Grimm The(1962);|Adventure|Animation|Children|Comedy|Drama|Fantasy|Musical|Romance
26152;Batman(1966);|Action|Adventure|Comedy
26160;Asterix and the Gauls (Asterix le Gaulois)(1967);|Action|Adventure|Animation|Children|Comedy
26164;Fando and Lis (Fando y Lis)(1968);|Adventure|Fantasy
26265;Dr. Phibes Rises Again(1972);|Adventure|Comedy|Horror|Romance
26472;Norte El(1984);|Adventure|Drama
26513;Ice Pirates The(1984);|Action|Adventure|Comedy|Sci-Fi
26614;Bourne Identity The(1988);|Action|Adventure|Drama|Mystery|Thriller
26649;Lonesome Dove(1989);|Adventure|Drama|Western
26662;Kikis Delivery Service (Majo no takkyûbin)(1989);|Adventure|Animation|Children|Drama|Fantasy
26750;Quigley Down Under(1990);|Adventure|Drama|Western
26776;Porco Rosso (Crimson Pig) (Kurenai no buta)(1992);|Adventure|Animation|Comedy|Fantasy|Romance
26842;Tai Chi Master (Twin Warriors) (Tai ji: Zhang San Feng)(1993);|Action|Adventure|Comedy|Drama
26999;Lion King II: Simbas Pride The(1998);|Adventure|Animation|Children|Musical|Romance
27032;Who Am I? (Wo shi shei)(1998);|Action|Adventure|Comedy|Sci-Fi|Thriller
27186;Kirikou and the Sorceress (Kirikou et la sorcière)(1998);|Adventure|Animation|Children|Fantasy
27251;10th Kingdom The(2000);|Adventure|Comedy|Fantasy
27423;O Auto da Compadecida (Dogs Will A)(2000);|Adventure|Comedy
27706;Lemony Snickets A Series of Unfortunate Events(2004);|Adventure|Children|Comedy|Fantasy
27731;Cat Returns The (Neko no ongaeshi)(2002);|Adventure|Animation|Children|Fantasy
27800;Interstella 5555: The 5tory of the 5ecret 5tar 5ystem(2003);|Adventure|Animation|Fantasy|Musical|Sci-Fi
27816;Saints and Soldiers(2003);|Action|Adventure|Drama|War
27837;Flight of the Phoenix(2004);|Action|Adventure
30793;Charlie and the Chocolate Factory(2005);|Adventure|Children|Comedy|Fantasy|IMAX
30810;Life Aquatic with Steve Zissou The(2004);|Adventure|Comedy|Fantasy
31221;Elektra(2005);|Action|Adventure|Crime|Drama
31290;Beastmaster 2: Through the Portal of Time(1991);|Action|Adventure|Fantasy|Sci-Fi
31658;Howls Moving Castle (Hauru no ugoku shiro)(2004);|Adventure|Animation|Fantasy|Romance
31921;Seven-Per-Cent Solution The(1976);|Adventure|Comedy|Crime|Drama|Mystery|Thriller
31923;Three Musketeers The(1973);|Action|Adventure|Comedy
32031;Robots(2005);|Adventure|Animation|Children|Comedy|Fantasy|Sci-Fi|IMAX
32153;Once Upon a Forest(1993);|Adventure|Animation|Children|Fantasy
32296;Miss Congeniality 2: Armed and Fabulous(2005);|Adventure|Comedy|Crime
32352;Thief and the Cobbler The (a.k.a. Arabian Knight)(1995);|Adventure|Animation|Comedy|Fantasy
32515;Walker(1987);|Adventure|Drama|War|Western
32596;Sahara(2005);|Action|Adventure|Comedy
32825;Sexmission (Seksmisja)(1984);|Adventure|Comedy|Sci-Fi
32898;Trip to the Moon A (Voyage dans la lune Le)(1902);|Action|Adventure|Fantasy|Sci-Fi
33004;Hitchhikers Guide to the Galaxy The(2005);|Adventure|Comedy|Sci-Fi
33138;Palindromes(2004);|Adventure|Comedy|Drama
33493;Star Wars: Episode III - Revenge of the Sith(2005);|Action|Adventure|Sci-Fi
33558;Snow Walker The(2003);|Adventure|Drama
33615;Madagascar(2005);|Adventure|Animation|Children|Comedy
33669;Sisterhood of the Traveling Pants The(2005);|Adventure|Comedy|Drama
33679;Mr. & Mrs. Smith(2005);|Action|Adventure|Comedy|Romance
33681;Adventures of Sharkboy and Lavagirl 3-D The(2005);|Action|Adventure|Children|Fantasy
33830;Herbie: Fully Loaded(2005);|Adventure|Comedy|Romance
34048;War of the Worlds(2005);|Action|Adventure|Sci-Fi|Thriller
34150;Fantastic Four(2005);|Action|Adventure|Sci-Fi
34332;Sky High(2005);|Action|Adventure|Children|Comedy
34334;Stealth(2005);|Action|Adventure|Sci-Fi|Thriller
34405;Serenity(2005);|Action|Adventure|Sci-Fi
34435;Sholay(1975);|Action|Adventure|Comedy|Musical|Romance|Thriller
34520;Dukes of Hazzard The(2005);|Action|Adventure|Comedy
36289;Asterix & Obelix vs. Caesar (Asterix et Obelix contre Cesar)(1999);|Adventure|Children|Comedy|Fantasy
36397;Valiant(2005);|Adventure|Animation|Children|Comedy|Fantasy|War
36509;Cave The(2005);|Action|Adventure|Horror|Mystery|Sci-Fi|Thriller
36708;Family Guy Presents Stewie Griffin: The Untold Story(2005);|Adventure|Animation|Comedy
37830;Final Fantasy VII: Advent Children(2004);|Action|Adventure|Animation|Fantasy|Sci-Fi
37853;Into the Blue(2005);|Action|Adventure|Crime|Thriller
37857;MirrorMask(2005);|Adventure|Children|Drama|Fantasy
38038;Wallace & Gromit in The Curse of the Were-Rabbit(2005);|Adventure|Animation|Children|Comedy
39435;Legend of Zorro The(2005);|Action|Adventure|Drama|Western
39779;Tarzan and His Mate(1934);|Action|Adventure
40339;Chicken Little(2005);|Action|Adventure|Animation|Children|Comedy|Sci-Fi
40732;Descent The(2005);|Adventure|Drama|Horror|Thriller
40815;Harry Potter and the Goblet of Fire(2005);|Adventure|Fantasy|Thriller|IMAX
40851;Zathura(2005);|Action|Adventure|Children|Fantasy
41566;Chronicles of Narnia: The Lion the Witch and the Wardrobe The(2005);|Adventure|Children|Fantasy
41569;King Kong(2005);|Action|Adventure|Drama|Fantasy|Thriller
41863;Three Burials of Melquiades Estrada The(2006);|Adventure|Crime|Drama
42004;Transamerica(2005);|Adventure|Comedy|Drama
42009;Cheaper by the Dozen 2(2005);|Adventure|Comedy
42015;Casanova(2005);|Action|Adventure|Comedy|Drama|Romance
42418;New World The(2005);|Adventure|Drama|Romance
42681;49th Parallel(1941);|Adventure|Drama|Thriller|War
43836;Pink Panther The(2006);|Adventure|Comedy|Crime
43869;Curious George(2006);|Adventure|Animation|Children|Comedy
43917;Eight Below(2006);|Action|Adventure|Drama|Romance
44022;Ice Age 2: The Meltdown(2006);|Adventure|Animation|Children|Comedy
45186;Mission: Impossible III(2006);|Action|Adventure|Thriller
45208;RV(2006);|Adventure|Children|Comedy
45431;Over the Hedge(2006);|Adventure|Animation|Children|Comedy
45442;Poseidon(2006);|Action|Adventure|Thriller|IMAX
45672;Click(2006);|Adventure|Comedy|Drama|Fantasy|Romance
45722;Pirates of the Caribbean: Dead Mans Chest(2006);|Action|Adventure|Fantasy
46530;Superman Returns(2006);|Action|Adventure|Sci-Fi|IMAX
46578;Little Miss Sunshine(2006);|Adventure|Comedy|Drama
47124;Ant Bully The(2006);|Adventure|Animation|Children|Comedy|Fantasy|IMAX
47384;Zoom(2006);|Adventure|Comedy|Drama|Fantasy
47404;Mind Game(2004);|Adventure|Animation|Comedy|Fantasy|Romance|Sci-Fi
47997;Idiocracy(2006);|Adventure|Comedy|Sci-Fi|Thriller
48159;Everyones Hero(2006);|Adventure|Animation|Children|Comedy
48304;Apocalypto(2006);|Adventure|Drama|Thriller
48319;Flyboys(2006);|Action|Adventure|Drama|War
48414;Open Season(2006);|Adventure|Animation|Children|Comedy|IMAX
48501;G.O.R.A.(2004);|Adventure|Comedy|Sci-Fi
48774;Children of Men(2006);|Action|Adventure|Drama|Sci-Fi|Thriller
49272;Casino Royale(2006);|Action|Adventure|Thriller
49274;Happy Feet(2006);|Adventure|Animation|Children|Comedy|IMAX
49396;Tenacious D in The Pick of Destiny(2006);|Adventure|Comedy|Musical
49528;Turistas(2006);|Adventure|Drama|Horror|Mystery|Thriller
49530;Blood Diamond(2006);|Action|Adventure|Crime|Drama|Thriller|War
49649;Eragon(2006);|Action|Adventure|Fantasy
49817;Plague Dogs The(1982);|Adventure|Animation|Drama
50601;Bridge to Terabithia(2007);|Adventure|Children|Fantasy
50798;Epic Movie(2007);|Adventure|Comedy
51277;36th Chamber of Shaolin The (Shao Lin san shi liu fang) (Master Killer)(1978);|Action|Adventure
51575;Wild Hogs(2007);|Adventure|Comedy
51698;Last Mimzy The(2007);|Adventure|Children|Sci-Fi
51939;TMNT (Teenage Mutant Ninja Turtles)(2007);|Action|Adventure|Animation|Children|Comedy|Fantasy
52287;Meet the Robinsons(2007);|Action|Adventure|Animation|Children|Comedy|Sci-Fi
52319;Inglorious Bastards (Quel maledetto treno blindato)(1978);|Action|Adventure|Drama|War
52328;Sunshine(2007);|Adventure|Drama|Sci-Fi|Thriller
52460;Pathfinder(2007);|Action|Adventure|Drama|Thriller|War
52462;Aqua Teen Hunger Force Colon Movie Film for Theaters(2007);|Action|Adventure|Animation|Comedy|Fantasy|Mystery|Sci-Fi
52717;Condemned The(2007);|Action|Adventure|Crime|Thriller
52722;Spider-Man 3(2007);|Action|Adventure|Sci-Fi|Thriller|IMAX
53121;Shrek the Third(2007);|Adventure|Animation|Children|Comedy|Fantasy
53125;Pirates of the Caribbean: At Worlds End(2007);|Action|Adventure|Comedy|Fantasy
53138;Librarian: Return to King Solomons Mines The(2006);|Action|Adventure|Fantasy
53464;Fantastic Four: Rise of the Silver Surfer(2007);|Action|Adventure|Sci-Fi
53466;Nancy Drew(2007);|Adventure|Crime|Thriller
53519;Death Proof(2007);|Action|Adventure|Crime|Horror|Thriller
53550;Rescue Dawn(2006);|Action|Adventure|Drama|War
53972;Live Free or Die Hard(2007);|Action|Adventure|Crime|Thriller
54001;Harry Potter and the Order of the Phoenix(2007);|Adventure|Drama|Fantasy|IMAX
54259;Stardust(2007);|Adventure|Comedy|Fantasy|Romance
55116;Hunting Party The(2007);|Action|Adventure|Comedy|Drama|Thriller
55167;Tekkonkinkreet (Tekkon kinkurîto)(2006);|Action|Adventure|Animation|Crime|Fantasy
55247;Into the Wild(2007);|Action|Adventure|Drama
55259;Seeker: The Dark Is Rising The(2007);|Action|Adventure|Drama|Fantasy
55269;Darjeeling Limited The(2007);|Adventure|Comedy|Drama
55498;Silk(2007);|Adventure|Drama|Romance
55995;Beowulf(2007);|Action|Adventure|Animation|Fantasy|IMAX
56152;Enchanted(2007);|Adventure|Animation|Children|Comedy|Fantasy|Musical|Romance
56171;Golden Compass The(2007);|Adventure|Children|Fantasy
56775;National Treasure: Book of Secrets(2007);|Action|Adventure
56915;Water Horse: Legend of the Deep The(2007);|Adventure|Children|Fantasy
57223;D-War (Dragon Wars)(2007);|Action|Adventure|Drama|Fantasy
57326;In the Name of the King: A Dungeon Siege Tale(2008);|Action|Adventure|Fantasy
57640;Hellboy II: The Golden Army(2008);|Action|Adventure|Fantasy|Sci-Fi
57951;Fools Gold(2008);|Action|Adventure|Comedy|Romance
58025;Jumper(2008);|Action|Adventure|Drama|Sci-Fi|Thriller
58105;Spiderwick Chronicles The(2008);|Adventure|Children|Drama|Fantasy|IMAX
58299;Horton Hears a Who!(2008);|Adventure|Animation|Children|Comedy
58972;Nims Island(2008);|Adventure|Comedy|Fantasy
59022;Harold & Kumar Escape from Guantanamo Bay(2008);|Adventure|Comedy
59103;Forbidden Kingdom The(2008);|Action|Adventure|Comedy|Fantasy
59180;Tarzan Finds a Son!(1939);|Action|Adventure
59315;Iron Man(2008);|Action|Adventure|Sci-Fi
59387;Fall The(2006);|Adventure|Drama|Fantasy
59501;Chronicles of Narnia: Prince Caspian The(2008);|Adventure|Children|Fantasy
59615;Indiana Jones and the Kingdom of the Crystal Skull(2008);|Action|Adventure|Comedy|Sci-Fi
59834;100 Rifles(1969);|Adventure|War|Western
59846;Iron Mask The(1929);|Adventure|Drama|Romance
59935;Flesh Gordon(1974);|Adventure|Comedy|Sci-Fi
59945;Mark of Zorro The(1920);|Adventure|Romance|Western
60069;WALL·E(2008);|Adventure|Animation|Children|Romance|Sci-Fi
60074;Hancock(2008);|Action|Adventure|Comedy|Crime|Fantasy
60343;Wee Willie Winkie(1937);|Adventure
60471;Rogue(2007);|Action|Adventure|Horror|Sci-Fi|Thriller
60514;Journey to the Center of the Earth(2008);|Action|Adventure|Sci-Fi
60516;Meet Dave(2008);|Adventure|Children|Comedy|Romance|Sci-Fi
60609;Death Note(2006);|Adventure|Crime|Drama|Horror|Mystery
60649;Space Chimps(2008);|Adventure|Animation|Comedy
60937;Mummy: Tomb of the Dragon Emperor The(2008);|Action|Adventure|Fantasy|Thriller
61026;Red Cliff (Chi bi)(2008);|Action|Adventure|Drama|War
61071;Sisterhood of the Traveling Pants 2 The(2008);|Adventure|Comedy|Drama|Romance
61132;Tropic Thunder(2008);|Action|Adventure|Comedy|War
61160;Star Wars: The Clone Wars(2008);|Action|Adventure|Animation|Sci-Fi
61210;Mutant Chronicles(2008);|Action|Adventure|Sci-Fi
61248;Death Race(2008);|Action|Adventure|Sci-Fi|Thriller
61350;Babylon A.D.(2008);|Action|Adventure|Sci-Fi|Thriller
62331;Dead Leaves(2004);|Action|Adventure|Animation|Comedy|Sci-Fi
62376;City of Ember(2008);|Adventure|Children|Sci-Fi
62956;Futurama: Benders Game(2008);|Action|Adventure|Animation|Comedy|Fantasy|Sci-Fi
62999;Madagascar: Escape 2 Africa(2008);|Action|Adventure|Animation|Children|Comedy|IMAX
63072;Road The(2009);|Adventure|Drama|Thriller
63113;Quantum of Solace(2008);|Action|Adventure|Thriller
63540;Beverly Hills Chihuahua(2008);|Adventure|Children|Comedy
63853;Australia(2008);|Adventure|Drama|War|Western
63859;Bolt(2008);|Action|Adventure|Animation|Children|Comedy
64030;Transporter 3(2008);|Action|Adventure|Crime|Thriller
64249;Shrek the Halls(2007);|Adventure|Animation|Comedy|Fantasy
64695;Sword of the Stranger (Sutorejia: Mukô hadan)(2007);|Action|Adventure|Animation
64900;Chinese Ghost Story II A (Sien nui yau wan II yan gaan do)(1990);|Action|Adventure|Fantasy|Horror|Romance
65088;Bedtime Stories(2008);|Adventure|Children|Comedy
65261;Ponyo (Gake no ue no Ponyo)(2008);|Adventure|Animation|Children|Fantasy
65577;Tale of Despereaux The(2008);|Adventure|Animation|Children|Comedy|Fantasy
65685;Inkheart(2008);|Adventure|Fantasy
65982;Outlander(2008);|Action|Adventure|Sci-Fi
66317;Comet in Moominland(1992);|Adventure|Animation|Fantasy
66785;Good the Bad the Weird The (Joheunnom nabbeunnom isanghannom)(2008);|Action|Adventure|Comedy|Western
66798;Pink Panther 2 The(2009);|Adventure|Comedy|Mystery
66808;Far Cry(2008);|Action|Adventure|Drama
66915;Rock-A-Doodle(1991);|Adventure|Animation|Children|Musical
67867;Dragonball Evolution(2009);|Action|Adventure|Fantasy|Sci-Fi
68358;Star Trek(2009);|Action|Adventure|Sci-Fi|IMAX
68659;Fanboys(2009);|Adventure|Comedy|Drama
68791;Terminator Salvation(2009);|Action|Adventure|Sci-Fi|Thriller
68835;Were the World Mine(2008);|Adventure|Fantasy|Musical|Romance
68848;Brothers Bloom The(2008);|Adventure|Comedy|Crime|Romance
68954;Up(2009);|Adventure|Animation|Children|Drama
68959;Fullmetal Alchemist the Movie: Conqueror of Shamballa (Gekijô-ban hagane no renkinjutsushi: Shanbara wo yuku mono)(2005);|Action|Adventure|Animation|Drama
69275;Dead Snow (Død snø)(2009);|Action|Adventure|Comedy|Horror
69278;Land of the Lost(2009);|Action|Adventure|Comedy|Sci-Fi
69436;Year One(2009);|Adventure|Comedy
69524;Raiders of the Lost Ark: The Adaptation(1989);|Action|Adventure|Thriller
69526;Transformers: Revenge of the Fallen(2009);|Action|Adventure|Sci-Fi|IMAX
69644;Ice Age: Dawn of the Dinosaurs(2009);|Action|Adventure|Animation|Children|Comedy|Romance
69746;Watchmen: Tales of the Black Freighter(2009);|Action|Adventure|Animation|Horror
69805;Librarian The: The Curse of the Judas Chalice(2008);|Action|Adventure|Fantasy
69844;Harry Potter and the Half-Blood Prince(2009);|Adventure|Fantasy|Mystery|Romance|IMAX
70282;Aliens in the Attic(2009);|Adventure|Children|Fantasy|Sci-Fi
70305;Race to Witch Mountain(2009);|Adventure|Children|Fantasy|Sci-Fi|Thriller
70336;G.I. Joe: The Rise of Cobra(2009);|Action|Adventure|Sci-Fi|Thriller
70488;Wings of Hope (Julianes Sturz in den Dschungel)(2000);|Adventure|Documentary
70697;G-Force(2009);|Action|Adventure|Children|Fantasy
71057;9(2009);|Adventure|Animation|Sci-Fi
71102;Three Musketeers The(1933);|Action|Adventure|Thriller
71318;Terra (a.k.a. Battle for Terra)(2007);|Adventure|Animation|Sci-Fi
71404;3 Worlds of Gulliver The(1960);|Adventure|Fantasy
71433;Black God White Devil (Deus e o Diabo na Terra do Sol)(1964);|Adventure|Crime|Drama|Western
71745;Where the Wild Things Are(2009);|Adventure|Children|Drama|Fantasy|IMAX
71810;Legionnaire(1998);|Action|Adventure|Drama|War
72165;Cirque du Freak: The Vampires Assistant(2009);|Action|Adventure|Comedy|Fantasy|Horror|Thriller
72226;Fantastic Mr. Fox(2009);|Adventure|Animation|Children|Comedy|Crime
72308;Battlestar Galactica: The Plan(2009);|Action|Adventure|Drama|Sci-Fi
72701;Planet 51(2009);|Adventure|Animation|Children|Comedy|Sci-Fi
72998;Avatar(2009);|Action|Adventure|Sci-Fi|IMAX
73321;Book of Eli The(2010);|Action|Adventure|Drama
73664;Dragon Hunters (Chasseurs de dragons)(2008);|Adventure|Animation|Children
73854;Rudolph the Red-Nosed Reindeer(1964);|Adventure|Animation|Children|Fantasy|Musical
74438;Legend of the Red Dragon (a.k.a. New Legend of Shaolin The) (Hong Xi Guan: Zhi Shao Lin wu zu)(1994);|Action|Adventure|Comedy|Drama|Romance
74530;Percy Jackson & the Olympians: The Lightning Thief(2010);|Adventure|Fantasy
74624;Agora(2009);|Adventure|Drama|Romance
74789;Alice in Wonderland(2010);|Adventure|Fantasy|IMAX
75983;North Face (Nordwand)(2008);|Adventure|Drama
76093;How to Train Your Dragon(2010);|Adventure|Animation|Children|Fantasy|IMAX
76175;Clash of the Titans(2010);|Action|Adventure|Drama|Fantasy
77364;Losers The(2010);|Action|Adventure|Drama|Mystery|Thriller
77561;Iron Man 2(2010);|Action|Adventure|Sci-Fi|Thriller|IMAX
77866;Robin Hood(2010);|Action|Adventure|Drama|Romance|War
78105;Prince of Persia: The Sands of Time(2010);|Action|Adventure|Fantasy|Romance|IMAX
78499;Toy Story 3(2010);|Adventure|Animation|Children|Comedy|Fantasy|IMAX
78637;Shrek Forever After (a.k.a. Shrek: The Final Chapter)(2010);|Adventure|Animation|Children|Comedy|Fantasy|IMAX
78729;24: Redemption(2008);|Action|Adventure|Crime|Drama|Thriller
78893;Last Airbender The(2010);|Action|Adventure|Fantasy
78967;Island of Dr. Moreau The(1977);|Adventure|Fantasy|Horror|Romance|Sci-Fi|Thriller
79139;Sorcerers Apprentice The(2010);|Action|Adventure|Children|Comedy|Fantasy
79695;Expendables The(2010);|Action|Adventure|Thriller
79796;Centurion(2010);|Action|Adventure|Drama|Thriller|War
80083;Dragon Ball Z: Dead Zone (Doragon bôru Z 1: Ora no Gohan wo kaese)(1989);|Action|Adventure|Animation|Fantasy|Sci-Fi
80219;Machete(2010);|Action|Adventure|Comedy|Crime|Thriller
80615;Legend of the Guardians: The Owls of GaHoole(2010);|Adventure|Animation|Fantasy|IMAX
80748;Alice in Wonderland(1933);|Adventure|Children|Fantasy
80839;Secretariat(2010);|Adventure|Drama
81132;Rubber(2010);|Action|Adventure|Comedy|Crime|Drama|Film-Noir|Horror|Mystery|Thriller|Western
81516;Black Death(2010);|Adventure|Drama|Horror|Mystery
81562;127 Hours(2010);|Adventure|Drama|Thriller
81834;Harry Potter and the Deathly Hallows: Part 1(2010);|Action|Adventure|Fantasy|IMAX
82150;Bunny and the Bull(2009);|Adventure|Comedy|Drama
82169;Chronicles of Narnia: The Voyage of the Dawn Treader The(2010);|Adventure|Children|Fantasy
82461;Tron: Legacy(2010);|Action|Adventure|Sci-Fi|IMAX
82854;Gullivers Travels(2010);|Adventure|Comedy|Fantasy
83480;Season of the Witch(2011);|Adventure|Drama|Fantasy
84414;All-Star Superman(2011);|Action|Adventure|Animation|Sci-Fi
84637;Gnomeo & Juliet(2011);|Adventure|Animation|Children|Comedy|Fantasy|Romance
84772;Paul(2011);|Adventure|Comedy|Sci-Fi
84944;Rango(2011);|Action|Adventure|Animation|Children|Comedy|Western
85025;Eagle The(2011);|Adventure|Drama
85179;Summer Wars (Samâ wôzu)(2009);|Adventure|Animation|Comedy|Sci-Fi
85261;Mars Needs Moms(2011);|Action|Adventure|Animation|Children|Comedy|Sci-Fi|IMAX
85736;BURN-E(2008);|Adventure|Animation|Children|Sci-Fi
85796;Hobo with a Shotgun(2011);|Action|Adventure|Crime|Thriller
86190;Hanna(2011);|Action|Adventure|Mystery|Thriller
86298;Rio(2011);|Adventure|Animation|Children|Comedy
86332;Thor(2011);|Action|Adventure|Drama|Fantasy|IMAX
86593;African Cats(2011);|Adventure|Documentary
86864;Mothra (Mosura)(1961);|Adventure|Fantasy|Sci-Fi
86880;Pirates of the Caribbean: On Stranger Tides(2011);|Action|Adventure|Fantasy|IMAX
87222;Kung Fu Panda 2(2011);|Action|Adventure|Animation|Children|Comedy|IMAX
87232;X-Men: First Class(2011);|Action|Adventure|Sci-Fi|Thriller|War
87430;Green Lantern(2011);|Action|Adventure|Sci-Fi
87520;Transformers: Dark of the Moon(2011);|Action|Adventure|Sci-Fi|War|IMAX
87529;Your Highness(2011);|Action|Adventure|Comedy|Fantasy
87876;Cars 2(2011);|Adventure|Animation|Children|Comedy|IMAX
88125;Harry Potter and the Deathly Hallows: Part 2(2011);|Action|Adventure|Drama|Fantasy|Mystery|IMAX
88140;Captain America: The First Avenger(2011);|Action|Adventure|Sci-Fi|Thriller|War
89087;Colombiana(2011);|Action|Adventure|Drama|Thriller
89305;Inbetweeners Movie The(2011);|Adventure|Comedy
89745;Avengers The(2012);|Action|Adventure|Sci-Fi|IMAX
90403;Three Musketeers The(2011);|Action|Adventure
90522;Johnny English Reborn(2011);|Adventure|Comedy|Thriller
90647;Puss in Boots(2011);|Adventure|Animation|Comedy|Fantasy|IMAX
91104;Twilight Saga: Breaking Dawn - Part 1 The(2011);|Adventure|Drama|Fantasy|Romance
91355;Asterix and the Vikings (Asterix et les Vikings)(2006);|Adventure|Animation|Children|Comedy|Fantasy
91485;Expendables 2 The(2012);|Action|Adventure
91500;The Hunger Games(2012);|Action|Adventure|Drama|Sci-Fi|Thriller
91529;Dark Knight Rises The(2012);|Action|Adventure|Crime|IMAX
91535;Bourne Legacy The(2012);|Action|Adventure|Drama|Thriller|IMAX
91542;Sherlock Holmes: A Game of Shadows(2011);|Action|Adventure|Comedy|Crime|Mystery|Thriller
91630;Mission: Impossible - Ghost Protocol(2011);|Action|Adventure|Thriller|IMAX
92210;Disappearance of Haruhi Suzumiya The (Suzumiya Haruhi no shôshitsu)(2010);|Adventure|Animation|Drama|Mystery|Sci-Fi
92234;Red Tails(2012);|Action|Adventure|Drama|War
92681;Journey 2: The Mysterious Island(2012);|Action|Adventure|Comedy|Sci-Fi|IMAX
93363;John Carter(2012);|Action|Adventure|Sci-Fi|IMAX
93766;Wrath of the Titans(2012);|Action|Adventure|Fantasy|IMAX
94015;Mirror Mirror(2012);|Adventure|Comedy|Fantasy
94480;The Scorpion King: Rise of a Warrior(2008);|Action|Adventure|Fantasy
94780;Snow White and the Huntsman(2012);|Action|Adventure|Drama
94833;Pirates! Band of Misfits The(2012);|Adventure|Animation|Children|Comedy
95105;Madagascar 3: Europes Most Wanted(2012);|Adventure|Animation|Children|Comedy|IMAX
95147;Dragon Ball: Sleeping Princess in Devils Castle (Doragon bôru: Majinjô no nemuri hime)(1987);|Action|Adventure|Animation|Children
95165;Dragon Ball Z the Movie: The Worlds Strongest (a.k.a. Dragon Ball Z: The Strongest Guy in The World) (Doragon bôru Z: Kono yo de ichiban tsuyoi yatsu)(1990);|Action|Adventure|Animation|Sci-Fi|Thriller
95167;Brave(2012);|Action|Adventure|Animation|Children
95182;Dragon Ball Z the Movie: The Tree of Might (Doragon bôru Z 3: Chikyû marugoto chô kessen)(1990);|Action|Adventure|Animation|Sci-Fi
95313;Jack-Jack Attack(2005);|Adventure|Animation|Children|Comedy
95473;Dragon Ball Z: The Return of Cooler (Doragon bôru Z 6: Gekitotsu! Hyakuoku pawâ no senshi)(1992);|Action|Adventure|Animation
95475;Dragon Ball Z: Coolers Revenge (Doragon bôru Z 5: Tobikkiri no saikyô tai saikyô)(1991);|Action|Adventure|Animation
95499;Dragon Ball Z: Broly - The Legendary Super Saiyan (Doragon bôru Z 8: Moetsukiro!! Nessen retsusen-chô gekisen)(1993);|Action|Adventure|Animation
95510;Amazing Spider-Man The(2012);|Action|Adventure|Sci-Fi|IMAX
95543;Ice Age 4: Continental Drift(2012);|Adventure|Animation|Comedy
95780;Dragon Ball Z: Bio-Broly (Doragon bôru Z 11: Sûpâ senshi gekiha! Katsu no wa ore da)(1994);|Action|Adventure|Animation
95782;Dragon Ball Z: Fusion Reborn (Doragon bôru Z 12: Fukkatsu no fyushon!! Gokû to Bejîta)(1995);|Action|Adventure|Animation
95963;Dragon Ball Z: Wrath of the Dragon (Doragon bôru Z 13: Ryûken bakuhatsu!! Gokû ga yaraneba dare ga yaru)(1995);|Action|Adventure|Animation
95965;Dragon Ball Z: Bardock - The Father of Goku (Doragon bôru Z: Tatta hitori no saishuu kessen - Furiiza ni itonda Z senshi Kakarotto no chichi)(1990);|Action|Adventure|Animation
96004;Dragon Ball Z: The History of Trunks (Doragon bôru Z: Zetsubô e no hankô!! Nokosareta chô senshi - Gohan to Torankusu)(1993);|Action|Adventure|Animation
96007;Dragon Ball GT: A Heros Legacy (Doragon bôru GT: Gokû gaiden! Yûki no akashi wa sû-shin-chû)(1997);|Action|Adventure|Animation
96079;Skyfall(2012);|Action|Adventure|Thriller|IMAX
96281;ParaNorman(2012);|Adventure|Animation|Comedy
96792;Kismet(1955);|Adventure|Comedy|Fantasy|Musical|Romance
97057;Kon-Tiki(2012);|Adventure|Documentary|Drama
97757;Hellboy: The Seeds of Creation(2004);|Action|Adventure|Comedy|Documentary|Fantasy
97938;Life of Pi(2012);|Adventure|Drama|IMAX
98243;Rise of the Guardians(2012);|Adventure|Animation|Children|Fantasy|IMAX
98809;Hobbit: An Unexpected Journey The(2012);|Adventure|Fantasy|IMAX
99089;Poor Little Rich Girl(1936);|Adventure|Musical|Romance
99273;Stowaway(1936);|Adventure|Musical
99320;Maximum Conviction(2012);|Action|Adventure|Thriller
101025;Jack the Giant Slayer(2013);|Adventure|Fantasy|IMAX
101076;G.I. Joe: Retaliation(2013);|Action|Adventure|Sci-Fi|Thriller|IMAX
101112;Oz the Great and Powerful(2013);|Action|Adventure|Fantasy|IMAX
101142;Croods The(2013);|Adventure|Animation|Comedy
101577;Host The(2013);|Action|Adventure|Romance
101864;Oblivion(2013);|Action|Adventure|Sci-Fi|IMAX
101884;Dark Tide(2012);|Adventure|Drama|Thriller
102194;Mud(2012);|Adventure|Crime|Drama
102252;Legendary Weapons of China(1982);|Action|Adventure
102445;Star Trek Into Darkness(2013);|Action|Adventure|Sci-Fi|IMAX
102666;Ivan Vasilievich: Back to the Future (Ivan Vasilievich menyaet professiyu)(1973);|Adventure|Comedy
102720;Epic(2013);|Adventure|Animation|Fantasy
102880;After Earth(2013);|Action|Adventure|Sci-Fi|IMAX
103042;Man of Steel(2013);|Action|Adventure|Fantasy|Sci-Fi|IMAX
103141;Monsters University(2013);|Adventure|Animation|Comedy
103210;Fullmetal Alchemist: The Sacred Star of Milos(2011);|Action|Adventure|Animation
103228;Pacific Rim(2013);|Action|Adventure|Sci-Fi|IMAX
103384;Lone Ranger The(2013);|Action|Adventure|Western|IMAX
103659;Justice League: The Flashpoint Paradox(2013);|Action|Adventure|Animation|Fantasy|Sci-Fi
103755;Turbo(2013);|Adventure|Animation|Children|Comedy|Fantasy
103772;Wolverine The(2013);|Action|Adventure|Fantasy|Sci-Fi
104074;Percy Jackson: Sea of Monsters(2013);|Adventure|Children|Fantasy
104245;Planes(2013);|Adventure|Animation|Comedy
104312;Mortal Instruments: City of Bones The(2013);|Action|Adventure|Drama|IMAX
105197;Nebraska(2013);|Adventure|Drama
105254;Crystal Fairy & the Magical Cactus and 2012(2013);|Adventure|Comedy
105504;Captain Phillips(2013);|Adventure|Drama|Thriller|IMAX
105954;All Is Lost(2013);|Action|Adventure|Drama
106002;Enders Game(2013);|Action|Adventure|Sci-Fi|IMAX
106072;Thor: The Dark World(2013);|Action|Adventure|Fantasy|IMAX
106471;One Piece Film: Strong World(2009);|Action|Adventure|Animation|Comedy|Fantasy
106473;One Piece Film Z(2012);|Action|Adventure|Animation|Fantasy
106487;The Hunger Games: Catching Fire(2013);|Action|Adventure|Sci-Fi|IMAX
106489;Hobbit: The Desolation of Smaug The(2013);|Adventure|Fantasy|IMAX
106491;47 Ronin(2013);|Action|Adventure|Fantasy
106642;Day of the Doctor The(2013);|Adventure|Drama|Sci-Fi
106696;Frozen(2013);|Adventure|Animation|Comedy|Fantasy|Musical|Romance
106918;Secret Life of Walter Mitty The(2013);|Adventure|Comedy|Drama
108076;Other Shore The(2013);|Adventure|Documentary
108090;Dragon Ball: The Path to Power (Doragon bôru: Saikyô e no michi)(1996);|Action|Adventure|Animation|Children
108190;Divergent(2014);|Adventure|Romance|Sci-Fi|IMAX
108795;Wonder Woman(2009);|Action|Adventure|Animation|Fantasy
108932;The Lego Movie(2014);|Action|Adventure|Animation|Children|Comedy|Fantasy
108979;Cowboy Bebop(1998);|Action|Adventure|Animation|Crime|Sci-Fi
109042;Knights of Badassdom(2013);|Adventure|Comedy|Fantasy
109846;Mr. Peabody & Sherman(2014);|Adventure|Animation|Comedy
110102;Captain America: The Winter Soldier(2014);|Action|Adventure|Sci-Fi|IMAX
110127;Noah(2014);|Adventure|Drama|IMAX
110297;Muppets Most Wanted(2014);|Adventure|Comedy|Crime
110352;Survival Island (Three)(2005);|Adventure|Drama|Horror
110655;Rio 2(2014);|Adventure|Animation|Children|Comedy
110873;Centenarian Who Climbed Out the Window and Vanished The (Hundraåringen som klev ut genom fonstret och forsvann)(2013);|Adventure|Comedy|Drama
111362;X-Men: Days of Future Past(2014);|Action|Adventure|Sci-Fi
111364;Godzilla(2014);|Action|Adventure|Sci-Fi|IMAX
111659;Maleficent(2014);|Action|Adventure|Children|IMAX
111781;Mission: Impossible - Rogue Nation(2015);|Action|Adventure|Thriller
112175;How to Train Your Dragon 2(2014);|Action|Adventure|Animation
112370;Transformers: Age of Extinction(2014);|Action|Adventure|Sci-Fi
112460;Planes: Fire & Rescue(2014);|Adventure|Animation|Comedy
112852;Guardians of the Galaxy(2014);|Action|Adventure|Sci-Fi
112897;The Expendables 3(2014);|Action|Adventure
112911;Hercules(2014);|Action|Adventure
113345;Jupiter Ascending(2015);|Action|Adventure|Sci-Fi
113348;Teenage Mutant Ninja Turtles(2014);|Action|Adventure|Comedy
114552;Boxtrolls The(2014);|Adventure|Animation|Children|Comedy|Fantasy
115664;The Book of Life(2014);|Adventure|Animation|Romance
116823;The Hunger Games: Mockingjay - Part 1(2014);|Adventure|Sci-Fi|Thriller
116887;Exodus: Gods and Kings(2014);|Action|Adventure|Drama
117529;Jurassic World(2015);|Action|Adventure|Drama|Sci-Fi|Thriller
117851;Penguins of Madagascar(2014);|Adventure|Animation|Children|Comedy
118696;The Hobbit: The Battle of the Five Armies(2014);|Adventure|Fantasy
119145;Kingsman: The Secret Service(2015);|Action|Adventure|Comedy|Crime
119155;Night at the Museum: Secret of the Tomb(2014);|Adventure|Children|Comedy|Fantasy
119655;Seventh Son(2014);|Adventure|Children|Fantasy
120799;Terminator Genisys(2015);|Action|Adventure|Sci-Fi|Thriller
122882;Mad Max: Fury Road(2015);|Action|Adventure|Sci-Fi|Thriller
122886;Star Wars: Episode VII - The Force Awakens(2015);|Action|Adventure|Fantasy|Sci-Fi|IMAX
122890;Warcraft(2016);|Action|Adventure|Fantasy
122892;Avengers: Age of Ultron(2015);|Action|Adventure|Sci-Fi
122900;Ant-Man(2015);|Action|Adventure|Sci-Fi
122902;Fantastic Four(2015);|Action|Adventure|Fantasy|Sci-Fi
122904;Deadpool(2016);|Action|Adventure|Comedy|Sci-Fi
122924;X-Men: Apocalypse(2016);|Action|Adventure|Fantasy|Sci-Fi
126430;The Pacific(2010);|Action|Adventure|Drama|War
130450;Pan(2015);|Adventure|Children|Fantasy
130520;Home(2015);|Adventure|Animation|Children|Comedy|Fantasy|Sci-Fi
131714;Last Knights(2015);|Action|Adventure
132046;Tomorrowland(2015);|Action|Adventure|Children|Mystery|Sci-Fi
132462;Sword of Vengeance(2014);|Action|Adventure|Drama
134130;The Martian(2015);|Adventure|Drama|Sci-Fi
134853;Inside Out(2015);|Adventure|Animation|Children|Comedy|Drama|Fantasy
135133;The Hunger Games: Mockingjay - Part 2(2015);|Adventure|Sci-Fi
135264;Zenon: Girl of the 21st Century(1999);|Adventure|Children|Comedy
135266;Zenon: The Zequel(2001);|Adventure|Children|Comedy|Sci-Fi
135268;Zenon: Z3(2004);|Adventure|Children|Comedy
135532;The Last Witch Hunter(2015);|Action|Adventure|Fantasy
135567;Independence Day: Resurgence(2016);|Action|Adventure|Sci-Fi
135569;Star Trek 3(2016);|Action|Adventure|Sci-Fi
135887;Minions(2015);|Adventure|Animation|Children|Comedy
136016;The Good Dinosaur(2015);|Adventure|Animation|Children|Comedy|Fantasy
136020;Spectre(2015);|Action|Adventure|Crime
136598;Vacation(2015);|Adventure|Comedy
136800;Robot Overlords(2014);|Action|Adventure|Sci-Fi
136864;Batman v Superman: Dawn of Justice(2016);|Action|Adventure|Fantasy|Sci-Fi
137857;The Jungle Book(2016);|Adventure|Drama|Fantasy
138036;The Man from U.N.C.L.E.(2015);|Action|Adventure|Comedy
138208;The Walk(2015);|Adventure|Drama|Thriller
139130;Afro Samurai(2007);|Action|Adventure|Animation|Drama|Fantasy
139385;The Revenant(2015);|Adventure|Drama
139620;Everythings Gonna Be Great(1998);|Adventure|Children|Comedy|Drama
142448;Everest(2015);|Adventure|Drama|Thriller
144620;Goosebumps(2015);|Adventure|Comedy|Horror
145935;Peanuts Movie The(2015);|Adventure|Animation|Children|Comedy
146309;The Boy and the Beast(2015);|Action|Adventure|Animation
149406;Kung Fu Panda 3(2016);|Action|Adventure|Animation
152081;Zootopia(2016);|Action|Adventure|Animation|Children|Comedy
156025;Ice Age: The Great Egg-Scapade(2016);|Adventure|Animation|Children|Comedy
156607;The Huntsman Winters War(2016);|Action|Adventure|Drama|Fantasy
157296;Finding Dory(2016);|Adventure|Animation|Comedy
159690;Teenage Mutant Ninja Turtles: Out of the Shadows(2016);|Action|Adventure|Comedy
160563;The Legend of Tarzan(2016);|Action|Adventure
161594;Kingsglaive: Final Fantasy XV(2016);|Action|Adventure|Animation|Drama|Fantasy|Sci-Fi
161918;Sharknado 4: The 4th Awakens(2016);|Action|Adventure|Horror|Sci-Fi
162672;Mohenjo Daro(2016);|Adventure|Drama|Romance
163056;Shin Godzilla(2016);|Action|Adventure|Fantasy|Sci-Fi
