73268;Daybreakers(2010);|Action|Drama|Horror|Thriller
73319;Leap Year(2010);|Comedy|Romance
73321;Book of Eli The(2010);|Action|Adventure|Drama
73929;Legion(2010);|Action|Fantasy|Horror|Thriller
74115;Dantes Inferno Animated(2010);|Action|Animation|Fantasy
74154;When in Rome(2010);|Comedy|Romance
74156;Edge of Darkness(2010);|Drama|Thriller
74324;Temple Grandin(2010);|Drama
74450;Valentines Day(2010);|Comedy|Romance
74452;Wolfman The(2010);|Horror|Thriller
74458;Shutter Island(2010);|Drama|Mystery|Thriller
74530;Percy Jackson & the Olympians: The Lightning Thief(2010);|Adventure|Fantasy
74532;Cop Out(2010);|Action|Comedy|Crime
74545;Ghost Writer The(2010);|Drama|Mystery|Thriller
74580;Spy Next Door The(2010);|Action|Children|Comedy
74685;Crazies The(2010);|Action|Drama|Horror|Sci-Fi|Thriller
74688;Dear John(2010);|Drama|Romance|War
74698;Tooth Fairy(2010);|Comedy|Fantasy
74787;My Name is Khan(2010);|Drama|Romance
74789;Alice in Wonderland(2010);|Adventure|Fantasy|IMAX
74795;Green Zone(2010);|Action|Drama|Thriller|War
74851;From Paris with Love(2010);|Action|Crime
74916;Greenberg(2010);|Comedy|Drama
74944;Brooklyns Finest(2010);|Crime|Drama|Thriller
74946;Shes Out of My League(2010);|Comedy
75341;Remember Me(2010);|Drama|Romance
75803;Our Family Wedding(2010);|Comedy
75805;Bounty Hunter The(2010);|Action|Comedy|Romance
75985;Repo Men(2010);|Action|Sci-Fi|Thriller
76077;Hot Tub Time Machine(2010);|Comedy|Sci-Fi
76093;How to Train Your Dragon(2010);|Adventure|Animation|Children|Fantasy|IMAX
76175;Clash of the Titans(2010);|Action|Adventure|Drama|Fantasy
76251;Kick-Ass(2010);|Action|Comedy
76293;Date Night(2010);|Action|Comedy|Romance
76738;Steam of Life (Miesten vuoro)(2010);|Documentary
76763;Runaways The(2010);|Drama|Musical
77191;Death at a Funeral(2010);|Comedy
77206;Diary of a Wimpy Kid(2010);|Children|Comedy
77364;Losers The(2010);|Action|Adventure|Drama|Mystery|Thriller
77414;Last Song The(2010);|Drama|Romance
77421;Cyrus(2010);|Comedy|Drama|Romance
77455;Exit Through the Gift Shop(2010);|Comedy|Documentary
77561;Iron Man 2(2010);|Action|Adventure|Sci-Fi|Thriller|IMAX
77798;Nightmare on Elm Street A(2010);|Fantasy|Horror|Thriller
77800;Four Lions(2010);|Comedy|Drama
77837;You Dont Know Jack(2010);|Drama
77866;Robin Hood(2010);|Action|Adventure|Drama|Romance|War
78034;Cemetery Junction(2010);|Comedy|Drama|Romance
78039;Blue Valentine(2010);|Drama|Romance
78041;Killers(2010);|Action|Comedy
78088;Buried(2010);|Mystery|Thriller
78105;Prince of Persia: The Sands of Time(2010);|Action|Adventure|Fantasy|Romance|IMAX
78116;Please Give(2010);|Comedy|Drama
78174;Sex and the City 2(2010);|Comedy|Drama|Romance
78209;Get Him to the Greek(2010);|Comedy
78218;Unthinkable(2010);|Drama|Thriller
78264;Back-up Plan The(2010);|Comedy|Romance
78316;Letters to Juliet(2010);|Drama|Romance
78321;41-Year-Old Virgin Who Knocked Up Sarah Marshall and Felt Superbad About It The(2010);|Comedy
78467;Jonah Hex(2010);|Action|Drama|Thriller|Western
78469;A-Team The(2010);|Action|Comedy|Thriller
78499;Toy Story 3(2010);|Adventure|Animation|Children|Comedy|Fantasy|IMAX
78517;Joan Rivers: A Piece of Work(2010);|Documentary
78574;Winters Bone(2010);|Drama|Thriller
78637;Shrek Forever After (a.k.a. Shrek: The Final Chapter)(2010);|Adventure|Animation|Children|Comedy|Fantasy|IMAX
78772;Twilight Saga: Eclipse The(2010);|Fantasy|Romance|Thriller|IMAX
78893;Last Airbender The(2010);|Action|Adventure|Fantasy
79057;Predators(2010);|Action|Sci-Fi|Thriller
79091;Despicable Me(2010);|Animation|Children|Comedy|Crime
79132;Inception(2010);|Action|Crime|Drama|Mystery|Sci-Fi|Thriller|IMAX
79134;Grown Ups(2010);|Comedy
79139;Sorcerers Apprentice The(2010);|Action|Adventure|Children|Comedy|Fantasy
79185;Knight and Day(2010);|Action|Comedy|Romance
79224;Karate Kid The(2010);|Action|Children|Drama
79242;Kids Are All Right The(2010);|Comedy|Drama
79251;Serbian Film A (Srpski film)(2010);|Horror|Thriller
79274;Batman: Under the Red Hood(2010);|Action|Animation
79293;Salt(2010);|Action|Thriller
79428;Dinner for Schmucks(2010);|Comedy
79553;Ip Man 2(2010);|Action
79588;Charlie St. Cloud(2010);|Drama|Fantasy|Romance
79592;Other Guys The(2010);|Action|Comedy
79677;Two Escobars The(2010);|Crime|Documentary
79695;Expendables The(2010);|Action|Adventure|Thriller
79702;Scott Pilgrim vs. the World(2010);|Action|Comedy|Fantasy|Musical|Romance
79720;Animal Kingdom(2010);|Crime|Drama
79796;Centurion(2010);|Action|Adventure|Drama|Thriller|War
79824;Babies (Bebe(s))(2010);|Documentary
79879;Piranha (Piranha 3D)(2010);|Action|Horror|Thriller
80026;Tekken(2010);|Action|Sci-Fi
80126;American The(2010);|Drama|Thriller
80166;Switch The(2010);|Comedy|Romance
80185;GasLand(2010);|Documentary
80219;Machete(2010);|Action|Adventure|Comedy|Crime|Thriller
80241;Going the Distance(2010);|Comedy|Romance
80350;Vampires Suck(2010);|Comedy
80363;Resident Evil: Afterlife(2010);|Action|Horror|Sci-Fi|Thriller|IMAX
80463;Social Network The(2010);|Drama
80489;Town The(2010);|Crime|Drama|Thriller
80549;Easy A(2010);|Comedy|Romance
80551;Eat Pray Love(2010);|Drama|Romance
80553;Howl(2010);|Drama
80572;Im Still Here(2010);|Comedy|Drama
80586;Flipped(2010);|Comedy|Drama|Romance
80590;Wall Street: Money Never Sleeps(2010);|Drama
80615;Legend of the Guardians: The Owls of GaHoole(2010);|Adventure|Animation|Fantasy|IMAX
80693;Its Kind of a Funny Story(2010);|Comedy|Drama
80831;Let Me In(2010);|Drama|Horror|Mystery
80839;Secretariat(2010);|Adventure|Drama
80846;Devil(2010);|Horror|Mystery|Thriller
80858;You Again(2010);|Comedy
80860;Life as We Know It(2010);|Comedy|Romance
80862;Catfish(2010);|Documentary|Mystery
80864;You Will Meet a Tall Dark Stranger(2010);|Comedy|Romance
80906;Inside Job(2010);|Documentary
80917;Monsters(2010);|Drama|Sci-Fi
80969;Never Let Me Go(2010);|Drama|Romance|Sci-Fi
81018;Illusionist The (Lillusionniste)(2010);|Animation
81083;Kaboom(2010);|Comedy|Sci-Fi
81132;Rubber(2010);|Action|Adventure|Comedy|Crime|Drama|Film-Noir|Horror|Mystery|Thriller|Western
81138;7 Days (Les 7 jours du talion)(2010);|Thriller
81156;Jackass 3D(2010);|Action|Comedy|Documentary
81158;Restrepo(2010);|Documentary|War
81191;Waiting for Superman(2010);|Documentary
81229;Red(2010);|Action|Comedy
81417;Paranormal Activity 2(2010);|Horror|IMAX
81512;Hereafter(2010);|Drama|Fantasy
81516;Black Death(2010);|Adventure|Drama|Horror|Mystery
81535;Saw VII 3D - The Final Chapter(2010);|Horror|Mystery|Thriller
81537;Due Date(2010);|Comedy
81562;127 Hours(2010);|Adventure|Drama|Thriller
81564;Megamind(2010);|Action|Animation|Children|Comedy|Sci-Fi|IMAX
81591;Black Swan(2010);|Drama|Thriller
81641;Fair Game(2010);|Drama|Thriller
81782;Unstoppable(2010);|Action|Drama|Thriller
81784;Morning Glory(2010);|Comedy|Drama|Romance
81786;Certified Copy (Copie conforme)(2010);|Drama
81788;Next Three Days The(2010);|Crime|Drama|Romance|Thriller
81819;Biutiful(2010);|Drama
81831;First Beautiful Thing The (La prima cosa bella)(2010);|Comedy|Drama
81834;Harry Potter and the Deathly Hallows: Part 1(2010);|Action|Adventure|Fantasy|IMAX
81845;Kings Speech The(2010);|Drama
81847;Tangled(2010);|Animation|Children|Comedy|Fantasy|Musical|Romance|IMAX
81932;Fighter The(2010);|Drama
81949;Romantics The(2010);|Comedy|Drama|Romance
82037;Tillman Story The(2010);|Documentary
82093;London Boulevard(2010);|Crime|Romance
82095;Skyline(2010);|Sci-Fi|Thriller
82167;Love and Other Drugs(2010);|Comedy|Drama|Romance
82169;Chronicles of Narnia: The Voyage of the Dawn Treader The(2010);|Adventure|Children|Fantasy
82173;Tiny Furniture(2010);|Comedy
82202;Tourist The(2010);|Drama|Thriller
82242;Rare Exports: A Christmas Tale (Rare Exports)(2010);|Action|Comedy
82378;All Good Things(2010);|Drama|Mystery|Thriller
82459;True Grit(2010);|Western
82461;Tron: Legacy(2010);|Action|Adventure|Sci-Fi|IMAX
82463;Another Year(2010);|Drama
82499;How Do You Know(2010);|Comedy|Drama|Romance
82527;Barneys Version(2010);|Drama
82534;Company Men The(2010);|Drama
82667;I Saw the Devil (Akmareul boatda)(2010);|Crime|Thriller
82852;Little Fockers(2010);|Comedy
82854;Gullivers Travels(2010);|Adventure|Comedy|Fantasy
82931;Last Circus The (Balada triste de trompeta) (Sad Trumpet Ballad A)(2010);|Comedy|Drama|War
83086;Burlesque(2010);|Drama|Musical|Romance
83132;Secret World of Arrietty The (Kari-gurashi no Arietti)(2010);|Animation|Children|Fantasy
83134;Tucker & Dale vs Evil(2010);|Comedy|Horror
83177;Yogi Bear(2010);|Children|Comedy
83270;Made in Dagenham(2010);|Comedy|Drama
83293;Waste Land(2010);|Documentary
83332;Who Is Harry Nilsson (And Why Is Everybody Talkin About Him?)(2010);|Documentary
83374;Warriors Way The(2010);|Action|Fantasy|Western
83506;Ricky Gervais Live 4: Science(2010);|Comedy
83803;Day & Night(2010);|Animation|Children
83827;Marwencol(2010);|Documentary
83976;Trip The(2010);|Comedy|Drama
84116;Poetry (Shi)(2010);|Drama
84160;Wishful Drinking(2010);|Documentary
84506;Silent Souls (Ovsyanki)(2010);|Drama
84696;Burke and Hare(2010);|Comedy|Thriller
84952;Confessions (Kokuhaku)(2010);|Drama|Horror
85342;Elite Squad: The Enemy Within (Tropa de Elite 2 - O Inimigo Agora e Outro)(2010);|Action|Crime|Drama
85394;Cave of Forgotten Dreams(2010);|Documentary
85401;Super(2010);|Action|Comedy|Drama
85412;Troll Hunter The (Trolljegeren)(2010);|Fantasy|Horror
85774;Senna(2010);|Documentary
85780;Family Guy Presents: Its a Trap(2010);|Animation|Comedy|Sci-Fi
85788;Insidious(2010);|Fantasy|Horror|Thriller
86000;Boy(2010);|Comedy|Drama
86028;Henrys Crime(2010);|Comedy|Crime
86142;13 Assassins (Jûsan-nin no shikaku)(2010);|Action
86345;Louis C.K.: Hilarious(2010);|Comedy
86626;Socialism (Film socialisme)(2010);|Drama
86781;Incendies(2010);|Drama|Mystery|War
86892;The Man from Nowhere(2010);|Action|Crime|Thriller
87234;Submarine(2010);|Comedy|Drama|Romance
87298;Everything Must Go(2010);|Comedy|Drama
87304;Beginners(2010);|Drama
87444;Elektra Luxx(2010);|Comedy
87785;Takers(2010);|Action|Crime|Thriller
88118;Perfect Host The(2010);|Crime|Drama|Thriller
88380;Dylan Dog: Dead of Night(2010);|Comedy|Horror|Mystery|Thriller
88682;Letter to Elia A(2010);|Documentary
88950;Conspirator The(2010);|Drama
89000;Carancho(2010);|Crime|Drama|Romance
89047;Hesher(2010);|Drama
89072;Stake Land(2010);|Horror
89102;Freakonomics(2010);|Documentary
89300;Win/win(2010);|Drama
90061;Myth of the American Sleepover The(2010);|Comedy|Drama|Romance
91273;Bunraku(2010);|Action|Drama|Fantasy
91505;Clone (Womb)(2010);|Drama|Romance|Sci-Fi
92048;Whistleblower The(2010);|Drama|Thriller
92210;Disappearance of Haruhi Suzumiya The (Suzumiya Haruhi no shôshitsu)(2010);|Adventure|Animation|Drama|Mystery|Sci-Fi
94672;Across the Line: The Exodus of Charlie Wright(2010);|Crime|Drama
94919;Inhale(2010);|Drama|Thriller
94939;Sound of Noise(2010);|Comedy|Crime|Musical
98908;How to Make Love to a Woman(2010);|Comedy|Romance
99615;Role/Play(2010);|Drama
104419;Justice League: Crisis on Two Earths(2010);|Action|Animation|Sci-Fi
105715;Just Wright(2010);|Comedy|Romance
106762;Trigun: Badlands Rumble(2010);|Action|Animation|Sci-Fi|Western
108447;Atrocious(2010);|Horror|Thriller
115624;Dream Home (Wai dor lei ah yut ho)(2010);|Horror
126430;The Pacific(2010);|Action|Adventure|Drama|War
138696;Hands in the Air(2010);|Comedy|Drama|Romance
140747;16 Wishes(2010);|Children|Drama|Fantasy
