6;Heat(1995);|Action|Crime|Thriller
20;Money Train(1995);|Action|Comedy|Crime|Drama|Thriller
21;Get Shorty(1995);|Comedy|Crime|Thriller
22;Copycat(1995);|Crime|Drama|Horror|Mystery|Thriller
23;Assassins(1995);|Action|Crime|Thriller
50;Usual Suspects The(1995);|Crime|Mystery|Thriller
78;Crossing Guard The(1995);|Action|Crime|Drama|Thriller
111;Taxi Driver(1976);|Crime|Drama|Thriller
145;Bad Boys(1995);|Action|Comedy|Crime|Drama|Thriller
149;Amateur(1994);|Crime|Drama|Thriller
164;Devil in a Blue Dress(1995);|Crime|Film-Noir|Mystery|Thriller
165;Die Hard: With a Vengeance(1995);|Action|Crime|Thriller
170;Hackers(1995);|Action|Adventure|Crime|Thriller
185;Net The(1995);|Action|Crime|Thriller
198;Strange Days(1995);|Action|Crime|Drama|Mystery|Sci-Fi|Thriller
259;Kiss of Death(1995);|Crime|Drama|Thriller
288;Natural Born Killers(1994);|Action|Crime|Thriller
293;Leon: The Professional (a.k.a. The Professional) (Leon)(1994);|Action|Crime|Drama|Thriller
296;Pulp Fiction(1994);|Comedy|Crime|Drama|Thriller
349;Clear and Present Danger(1994);|Action|Crime|Drama|Thriller
353;Crow The(1994);|Action|Crime|Fantasy|Thriller
420;Beverly Hills Cop III(1994);|Action|Comedy|Crime|Thriller
456;Fresh(1994);|Crime|Drama|Thriller
459;Getaway The(1994);|Action|Adventure|Crime|Drama|Romance|Thriller
463;Guilty as Sin(1993);|Crime|Drama|Thriller
464;Hard Target(1993);|Action|Adventure|Crime|Thriller
479;Judgment Night(1993);|Action|Crime|Thriller
482;Killing Zoe(1994);|Crime|Drama|Thriller
507;Perfect World A(1993);|Crime|Drama|Thriller
519;RoboCop 3(1993);|Action|Crime|Drama|Sci-Fi|Thriller
521;Romeo Is Bleeding(1993);|Crime|Thriller
554;Trial by Jury(1994);|Crime|Drama|Thriller
555;True Romance(1993);|Crime|Thriller
592;Batman(1989);|Action|Crime|Thriller
593;Silence of the Lambs The(1991);|Crime|Horror|Thriller
608;Fargo(1996);|Comedy|Crime|Drama|Thriller
628;Primal Fear(1996);|Crime|Drama|Mystery|Thriller
659;Purple Noon (Plein soleil)(1960);|Crime|Drama|Thriller
707;Mulholland Falls(1996);|Crime|Drama|Thriller
731;Heavens Prisoners(1996);|Crime|Thriller
832;Ransom(1996);|Crime|Thriller
861;Supercop (Police Story 3: Supercop) (Jing cha gu shi III: Chao ji jing cha)(1992);|Action|Comedy|Crime|Thriller
866;Bound(1996);|Crime|Drama|Romance|Thriller
869;Kansas City(1996);|Crime|Drama|Musical|Thriller
876;Supercop 2 (Project S) (Chao ji ji hua)(1993);|Action|Comedy|Crime|Thriller
911;Charade(1963);|Comedy|Crime|Mystery|Romance|Thriller
933;To Catch a Thief(1955);|Crime|Mystery|Romance|Thriller
996;Last Man Standing(1996);|Action|Crime|Drama|Thriller
1034;Freeway(1996);|Comedy|Crime|Drama|Thriller
1036;Die Hard(1988);|Action|Crime|Thriller
1069;Murder My Sweet(1944);|Crime|Film-Noir|Thriller
1086;Dial M for Murder(1954);|Crime|Mystery|Thriller
1089;Reservoir Dogs(1992);|Crime|Mystery|Thriller
1092;Basic Instinct(1992);|Crime|Mystery|Thriller
1152;He Walked by Night(1948);|Crime|Film-Noir|Thriller
1206;Clockwork Orange A(1971);|Crime|Drama|Sci-Fi|Thriller
1218;Killer The (Die xue shuang xiong)(1989);|Action|Crime|Drama|Thriller
1245;Millers Crossing(1990);|Crime|Drama|Film-Noir|Thriller
1248;Touch of Evil(1958);|Crime|Film-Noir|Thriller
1249;Femme Nikita La (Nikita)(1990);|Action|Crime|Romance|Thriller
1252;Chinatown(1974);|Crime|Film-Noir|Mystery|Thriller
1260;M(1931);|Crime|Film-Noir|Thriller
1267;Manchurian Candidate The(1962);|Crime|Thriller|War
1344;Cape Fear(1962);|Crime|Drama|Thriller
1351;Blood and Wine (Blood & Wine)(1996);|Crime|Drama|Thriller
1352;Albino Alligator(1996);|Crime|Thriller
1406;La Ceremonie(1995);|Crime|Drama|Mystery|Thriller
1422;Murder at 1600(1997);|Crime|Drama|Mystery|Thriller
1432;Metro(1997);|Action|Comedy|Crime|Drama|Thriller
1472;City of Industry(1997);|Crime|Thriller
1573;Face/Off(1997);|Action|Crime|Drama|Thriller
1589;Cop Land(1997);|Action|Crime|Drama|Thriller
1598;Desperate Measures(1998);|Crime|Drama|Thriller
1617;L.A. Confidential(1997);|Crime|Film-Noir|Mystery|Thriller
1620;Kiss the Girls(1997);|Crime|Drama|Mystery|Thriller
1647;Playing God(1997);|Crime|Drama|Thriller
1661;Switchback(1997);|Crime|Mystery|Thriller
1671;Deceiver(1997);|Crime|Drama|Thriller
1686;Red Corner(1997);|Crime|Thriller
1689;Man Who Knew Too Little The(1997);|Comedy|Crime|Thriller
1729;Jackie Brown(1997);|Crime|Drama|Thriller
1752;Hard Rain(1998);|Action|Crime|Thriller
1754;Fallen(1998);|Crime|Drama|Fantasy|Thriller
1769;Replacement Killers The(1998);|Action|Crime|Thriller
1783;Palmetto(1998);|Crime|Drama|Mystery|Romance|Thriller
1785;King of New York(1990);|Crime|Thriller
1791;Twilight(1998);|Crime|Drama|Thriller
1792;U.S. Marshals(1998);|Action|Crime|Thriller
1799;Suicide Kings(1997);|Comedy|Crime|Drama|Mystery|Thriller
1805;Wild Things(1998);|Crime|Drama|Mystery|Thriller
1834;Spanish Prisoner The(1997);|Crime|Drama|Mystery|Thriller
1909;X-Files: Fight the Future The(1998);|Action|Crime|Mystery|Sci-Fi|Thriller
1912;Out of Sight(1998);|Comedy|Crime|Drama|Romance|Thriller
1918;Lethal Weapon 4(1998);|Action|Comedy|Crime|Thriller
1953;French Connection The(1971);|Action|Crime|Thriller
2023;Godfather: Part III The(1990);|Crime|Drama|Mystery|Thriller
2058;Negotiator The(1998);|Action|Crime|Drama|Mystery|Thriller
2110;Dead Men Dont Wear Plaid(1982);|Comedy|Crime|Thriller
2126;Snake Eyes(1998);|Action|Crime|Mystery|Thriller
2159;Henry: Portrait of a Serial Killer(1986);|Crime|Horror|Thriller
2166;Return to Paradise(1998);|Crime|Drama|Romance|Thriller
2176;Rope(1948);|Crime|Drama|Thriller
2186;Strangers on a Train(1951);|Crime|Drama|Film-Noir|Thriller
2203;Shadow of a Doubt(1943);|Crime|Drama|Thriller
2227;Lodger: A Story of the London Fog The(1927);|Crime|Drama|Thriller
2268;Few Good Men A(1992);|Crime|Drama|Thriller
2273;Rush Hour(1998);|Action|Comedy|Crime|Thriller
2278;Ronin(1998);|Action|Crime|Thriller
2389;Psycho(1998);|Crime|Horror|Thriller
2391;Simple Plan A(1998);|Crime|Drama|Thriller
2413;Clue(1985);|Comedy|Crime|Mystery|Thriller
2467;Name of the Rose The (Name der Rose Der)(1986);|Crime|Drama|Mystery|Thriller
2540;Corruptor The(1999);|Action|Crime|Drama|Thriller
2542;Lock Stock & Two Smoking Barrels(1998);|Comedy|Crime|Thriller
2561;True Crime(1999);|Crime|Thriller
2579;Following(1998);|Crime|Mystery|Thriller
2586;Goodbye Lover(1999);|Comedy|Crime|Thriller
2605;Entrapment(1999);|Crime|Thriller
2625;Black Mask (Hak hap)(1996);|Action|Adventure|Crime|Sci-Fi|Thriller
2688;Generals Daughter The(1999);|Crime|Drama|Mystery|Thriller
2741;No Mercy(1986);|Action|Crime|Thriller
2764;Thomas Crown Affair The(1968);|Crime|Drama|Romance|Thriller
2803;Pelican Brief The(1993);|Crime|Drama|Mystery|Romance|Thriller
2881;Double Jeopardy(1999);|Action|Crime|Drama|Thriller
2912;Limey The(1999);|Crime|Drama|Thriller
2917;Body Heat(1981);|Crime|Thriller
2952;Sydney (Hard Eight)(1996);|Crime|Drama|Thriller
2956;Someone to Watch Over Me(1987);|Action|Crime|Thriller
2959;Fight Club(1999);|Action|Crime|Drama|Thriller
2985;RoboCop(1987);|Action|Crime|Drama|Sci-Fi|Thriller
2986;RoboCop 2(1990);|Action|Crime|Sci-Fi|Thriller
3102;Jagged Edge(1985);|Crime|Romance|Thriller
3104;Midnight Run(1988);|Action|Comedy|Crime|Thriller
3169;The Falcon and the Snowman(1985);|Crime|Drama|Thriller
3197;Presidio The(1988);|Action|Crime|Romance|Thriller
3256;Patriot Games(1992);|Action|Crime|Drama|Thriller
3262;Twin Peaks: Fire Walk with Me(1992);|Crime|Drama|Mystery|Thriller
3265;Hard-Boiled (Lat sau san taam)(1992);|Action|Crime|Drama|Thriller
3266;Man Bites Dog (Cest arrive près de chez vous)(1992);|Comedy|Crime|Drama|Thriller
3267;Mariachi El(1992);|Action|Crime|Thriller|Western
3275;Boondock Saints The(2000);|Action|Crime|Drama|Thriller
3298;Boiler Room(2000);|Crime|Drama|Thriller
3334;Key Largo(1948);|Crime|Drama|Film-Noir|Thriller
3452;Romeo Must Die(2000);|Action|Crime|Romance|Thriller
3529;Postman Always Rings Twice The(1981);|Crime|Thriller
3535;American Psycho(2000);|Crime|Horror|Mystery|Thriller
3551;Marathon Man(1976);|Crime|Drama|Thriller
3598;Hamlet(2000);|Crime|Drama|Romance|Thriller
3656;Lured(1947);|Crime|Film-Noir|Mystery|Thriller
3682;Magnum Force(1973);|Action|Crime|Drama|Thriller
3701;Alien Nation(1988);|Crime|Drama|Sci-Fi|Thriller
3710;Action Jackson(1988);|Action|Comedy|Crime|Thriller
3728;One False Move(1992);|Crime|Drama|Film-Noir|Thriller
3729;Shaft(1971);|Action|Crime|Drama|Thriller
3741;Badlands(1973);|Crime|Drama|Thriller
3744;Shaft(2000);|Action|Crime|Thriller
3761;Blood In Blood Out(1993);|Action|Crime|Drama|Thriller
3763;F/X(1986);|Action|Crime|Thriller
3764;F/X2 (a.k.a. F/X 2 - The Deadly Art of Illusion)(1991);|Action|Crime|Thriller
3800;Criminal Lovers(1999);|Crime|Drama|Romance|Thriller
3893;Nurse Betty(2000);|Comedy|Crime|Drama|Romance|Thriller
3895;Watcher The(2000);|Crime|Thriller
3896;Way of the Gun The(2000);|Crime|Thriller
3906;Under Suspicion(2000);|Crime|Thriller
3947;Get Carter(1971);|Action|Crime|Drama|Thriller
3973;Book of Shadows: Blair Witch 2(2000);|Crime|Horror|Mystery|Thriller
4011;Snatch(2000);|Comedy|Crime|Thriller
4026;Nowhere to Hide (Injeong sajeong bol geot eobtda)(1999);|Action|Comedy|Crime|Thriller
4034;Traffic(2000);|Crime|Drama|Thriller
4037;House of Games(1987);|Crime|Film-Noir|Mystery|Thriller
4052;Antitrust(2001);|Crime|Drama|Thriller
4056;Pledge The(2001);|Crime|Drama|Mystery|Thriller
4084;Beverly Hills Cop II(1987);|Action|Comedy|Crime|Thriller
4086;Big Easy The(1987);|Action|Crime|Mystery|Romance|Thriller
4106;Extreme Prejudice(1987);|Action|Crime|Drama|Thriller|Western
4177;Mirror Crackd The(1980);|Crime|Mystery|Thriller
4210;Manhunter(1986);|Action|Crime|Drama|Horror|Thriller
4238;Along Came a Spider(2001);|Action|Crime|Mystery|Thriller
4298;Rififi (Du rififi chez les hommes)(1955);|Crime|Film-Noir|Thriller
4326;Mississippi Burning(1988);|Crime|Drama|Thriller
4332;Suspect(1987);|Crime|Drama|Thriller
4351;Point Break(1991);|Action|Crime|Thriller
4354;Unlawful Entry(1992);|Crime|Thriller
4369;Fast and the Furious The(2001);|Action|Crime|Thriller
4383;Crimson Rivers The (Rivières pourpres Les)(2000);|Crime|Drama|Mystery|Thriller
4390;Rape Me (Baise-moi)(2000);|Crime|Drama|Thriller
4450;Bully(2001);|Crime|Drama|Thriller
4498;Dead Pool The(1988);|Action|Crime|Thriller
4506;Frantic(1988);|Crime|Mystery|Thriller
4610;January Man The(1989);|Comedy|Crime|Mystery|Thriller
4629;Next of Kin(1989);|Action|Crime|Thriller
4640;Brother(2000);|Action|Crime|Thriller
4645;Cure(1997);|Crime|Horror|Thriller
4661;Sea of Love(1989);|Crime|Drama|Thriller
4673;Tango & Cash(1989);|Action|Comedy|Crime|Thriller
4719;Osmosis Jones(2001);|Action|Animation|Comedy|Crime|Drama|Romance|Thriller
4768;Dr. Mabuse: The Gambler (Dr. Mabuse der Spieler)(1922);|Crime|Mystery|Thriller
4776;Training Day(2001);|Crime|Drama|Thriller
4837;Cruising(1980);|Crime|Drama|Thriller
4848;Mulholland Drive(2001);|Crime|Drama|Film-Noir|Mystery|Thriller
4855;Dirty Harry(1971);|Action|Crime|Thriller
4865;From Hell(2001);|Crime|Horror|Mystery|Thriller
4898;Novocaine(2001);|Comedy|Crime|Mystery|Thriller
4901;Spy Game(2001);|Action|Crime|Drama|Thriller
4957;Sudden Impact(1983);|Crime|Thriller
4963;Oceans Eleven(2001);|Crime|Thriller
4998;Defiant Ones The(1958);|Adventure|Crime|Drama|Thriller
5018;Motorama(1991);|Adventure|Comedy|Crime|Drama|Fantasy|Mystery|Sci-Fi|Thriller
5021;Murder by Death(1976);|Comedy|Crime|Mystery|Thriller
5027;Another 48 Hrs.(1990);|Action|Comedy|Crime|Drama|Thriller
5108;John Q(2002);|Crime|Drama|Thriller
5294;Frailty(2001);|Crime|Drama|Thriller
5312;Murder by Numbers(2002);|Crime|Thriller
5319;Nine Queens (Nueve reinas)(2000);|Crime|Thriller
5329;Salton Sea The(2002);|Crime|Drama|Thriller
5388;Insomnia(2002);|Action|Crime|Drama|Mystery|Thriller
5445;Minority Report(2002);|Action|Crime|Mystery|Sci-Fi|Thriller
5506;Blood Work(2002);|Crime|Drama|Mystery|Thriller
5507;xXx(2002);|Action|Crime|Thriller
5516;Read My Lips (Sur mes lèvres)(2001);|Crime|Drama|Thriller
5517;Nightcap (Merci pour le chocolat)(2000);|Crime|Thriller
5553;Stakeout(1987);|Comedy|Crime|Romance|Thriller
5556;FearDotCom (a.k.a. Fear.com) (a.k.a. Fear Dot Com)(2002);|Crime|Horror|Thriller
5569;Last House on the Left The(1972);|Crime|Horror|Thriller
5628;Wasabi(2001);|Action|Comedy|Crime|Drama|Thriller
5630;Red Dragon(2002);|Crime|Mystery|Thriller
5678;Formula 51(2001);|Action|Comedy|Crime|Thriller
5809;Femme Fatale(2002);|Crime|Thriller
5815;Half Past Dead(2002);|Action|Crime|Thriller
5867;Thief(1981);|Crime|Drama|Thriller
5880;Extreme Ops(2002);|Action|Adventure|Crime|Thriller
5893;Last Seduction The(1994);|Crime|Drama|Thriller
5938;Deathtrap(1982);|Comedy|Crime|Mystery|Thriller
5959;Narc(2002);|Crime|Drama|Thriller
6003;Confessions of a Dangerous Mind(2002);|Comedy|Crime|Drama|Thriller
6016;City of God (Cidade de Deus)(2002);|Action|Adventure|Crime|Drama|Thriller
6021;American Friend The (Amerikanische Freund Der)(1977);|Crime|Drama|Mystery|Thriller
6132;New York Ripper The (Squartatore di New York Lo)(1982);|Crime|Horror|Mystery|Thriller
6185;Dark Blue(2003);|Action|Crime|Drama|Thriller
6187;Life of David Gale The(2003);|Crime|Drama|Thriller
6214;Irreversible (Irreversible)(2002);|Crime|Drama|Mystery|Thriller
6322;Confidence(2003);|Crime|Thriller
6323;Identity(2003);|Crime|Horror|Mystery|Thriller
6335;Dancer Upstairs The(2002);|Crime|Drama|Thriller
6337;Owning Mahowny(2003);|Crime|Drama|Thriller
6383;2 Fast 2 Furious (Fast and the Furious 2 The)(2003);|Action|Crime|Thriller
6387;Once a Thief (Zong heng si hai)(1991);|Action|Comedy|Crime|Thriller
6503;Charlies Angels: Full Throttle(2003);|Action|Adventure|Comedy|Crime|Thriller
6548;Bad Boys II(2003);|Action|Comedy|Crime|Thriller
6552;Dirty Pretty Things(2002);|Crime|Drama|Thriller
6582;Remo Williams: The Adventure Begins(1985);|Action|Comedy|Crime|Thriller
6584;Whats Up Tiger Lily?(1966);|Adventure|Comedy|Crime|Thriller
6629;House of Wax(1953);|Crime|Horror|Mystery|Thriller
6709;Once Upon a Time in Mexico(2003);|Action|Adventure|Crime|Thriller
6757;Demonlover(2002);|Crime|Drama|Mystery|Thriller
6806;Time and Tide (Seunlau Ngaklau)(2000);|Action|Crime|Thriller
6862;Out of Time(2003);|Crime|Drama|Thriller
6868;Wonderland(2003);|Crime|Drama|Mystery|Thriller
6874;Kill Bill: Vol. 1(2003);|Action|Crime|Thriller
6884;Veronica Guerin(2003);|Crime|Drama|Thriller
6885;In the Cut(2003);|Crime|Drama|Mystery|Romance|Thriller
6920;Cercle Rouge Le (Red Circle The)(1970);|Crime|Thriller
6953;21 Grams(2003);|Crime|Drama|Mystery|Romance|Thriller
6964;Dance with a Stranger(1985);|Crime|Drama|Thriller
6966;Darkman(1990);|Action|Crime|Fantasy|Sci-Fi|Thriller
6989;Gorky Park(1983);|Crime|Drama|Thriller
7004;Kindergarten Cop(1990);|Action|Comedy|Crime|Thriller
7007;Last Boy Scout The(1991);|Action|Comedy|Crime|Drama|Thriller
7018;Presumed Innocent(1990);|Crime|Drama|Thriller
7040;To Live and Die in L.A.(1985);|Action|Crime|Drama|Thriller
7044;Wild at Heart(1990);|Crime|Drama|Mystery|Romance|Thriller
7076;Bullitt(1968);|Action|Crime|Drama|Thriller
7135;Shoot the Piano Player (Tirez sur le pianiste)(1960);|Crime|Drama|Romance|Thriller
7180;Odds Against Tomorrow(1959);|Crime|Drama|Thriller
7216;High Sierra(1941);|Crime|Drama|Film-Noir|Thriller
7217;Dark Passage(1947);|Crime|Drama|Film-Noir|Romance|Thriller
7235;Ichi the Killer (Koroshiya 1)(2001);|Action|Comedy|Crime|Drama|Horror|Thriller
7257;Big Bounce The(2004);|Comedy|Crime|Thriller
7305;Black Widow(1987);|Crime|Drama|Mystery|Thriller
7325;Starsky & Hutch(2004);|Action|Comedy|Crime|Thriller
7362;Taking Lives(2004);|Crime|Drama|Thriller
7439;Punisher The(2004);|Action|Crime|Thriller
7445;Man on Fire(2004);|Action|Crime|Drama|Mystery|Thriller
7571;Blue Gardenia The(1953);|Crime|Drama|Film-Noir|Thriller
7587;Samouraï Le (Godson The)(1967);|Crime|Drama|Thriller
7728;Postman Always Rings Twice The(1946);|Crime|Drama|Film-Noir|Thriller
7791;Internal Affairs(1990);|Crime|Thriller
7802;Warriors The(1979);|Action|Adventure|Crime|Thriller
7895;Bring Me the Head of Alfredo Garcia(1974);|Crime|Drama|Thriller
7926;High and Low (Tengoku to jigoku)(1963);|Crime|Drama|Film-Noir|Thriller
7981;Infernal Affairs (Mou gaan dou)(2002);|Crime|Drama|Thriller
8016;Getaway The(1972);|Action|Crime|Drama|Thriller
8207;Day of the Jackal The(1973);|Crime|Thriller
8369;Mindhunters(2004);|Action|Crime|Horror|Mystery|Thriller
8404;Hound of the Baskervilles The(1939);|Crime|Mystery|Thriller
8600;Angels with Dirty Faces(1938);|Crime|Drama|Film-Noir|Thriller
8665;Bourne Supremacy The(2004);|Action|Crime|Thriller
8670;Testament of Dr. Mabuse The (Das Testament des Dr. Mabuse)(1933);|Crime|Horror|Mystery|Thriller
8689;Shock to the System A(1990);|Comedy|Crime|Thriller
8765;This Gun for Hire(1942);|Crime|Film-Noir|Thriller
8767;Big Clock The(1948);|Crime|Film-Noir|Thriller
8798;Collateral(2004);|Action|Crime|Drama|Thriller
8831;Suspect Zero(2004);|Crime|Thriller
8860;Cellular(2004);|Action|Crime|Drama|Mystery|Thriller
8879;Murder on the Orient Express(1974);|Crime|Mystery|Thriller
8882;Boston Strangler The(1968);|Crime|Drama|Mystery|Thriller
8955;Undertow(2004);|Crime|Drama|Thriller
8968;After the Sunset(2004);|Action|Adventure|Comedy|Crime|Thriller
8984;Oceans Twelve(2004);|Action|Comedy|Crime|Thriller
25807;Black Cat The(1934);|Adventure|Crime|Horror|Thriller
25911;Woman in the Window The(1944);|Crime|Film-Noir|Thriller
25920;Blue Dahlia The(1946);|Crime|Drama|Film-Noir|Mystery|Thriller
25930;Odd Man Out(1947);|Crime|Drama|Film-Noir|Thriller
26117;Killers The(1964);|Action|Crime|Drama|Film-Noir|Thriller
26172;Point Blank(1967);|Action|Crime|Drama|Thriller
26231;Performance(1970);|Crime|Drama|Thriller
26342;Farewell My Lovely(1975);|Crime|Mystery|Thriller
26349;Night Moves(1975);|Crime|Thriller
26462;Bad Boys(1983);|Crime|Drama|Thriller
26547;Police Story (Ging chaat goo si)(1985);|Action|Comedy|Crime|Thriller
26585;Better Tomorrow A (Ying hung boon sik)(1986);|Crime|Drama|Thriller
26663;Monsieur Hire(1989);|Crime|Romance|Thriller
26701;Patlabor: The Movie (Kidô keisatsu patorebâ: The Movie)(1989);|Action|Animation|Crime|Drama|Film-Noir|Mystery|Sci-Fi|Thriller
26704;State of Grace(1990);|Crime|Drama|Thriller
26731;Homicide(1991);|Crime|Drama|Thriller
26736;Riki-Oh: The Story of Ricky (Lik Wong)(1991);|Action|Crime|Thriller
26947;Pusher(1996);|Crime|Thriller
27005;Interview The(1998);|Crime|Drama|Mystery|Thriller
27022;Thursday(1998);|Action|Crime|Thriller
27109;Lady Snowblood (Shurayukihime)(1973);|Action|Crime|Drama|Thriller
27397;Joint Security Area (Gongdong gyeongbi guyeok JSA)(2000);|Crime|Drama|Mystery|Thriller|War
27674;11:14(2003);|Comedy|Crime|Drama|Mystery|Thriller
27689;Crimson Rivers 2: Angels of the Apocalypse (Rivières pourpres II - Les anges de lapocalypse Les)(2004);|Action|Crime|Thriller
27802;Infernal Affairs 2 (Mou gaan dou II)(2003);|Action|Crime|Drama|Thriller
27831;Layer Cake(2004);|Crime|Drama|Thriller
30846;Assassination of Richard Nixon The(2004);|Crime|Drama|Thriller
31364;Memories of Murder (Salinui chueok)(2003);|Crime|Drama|Mystery|Thriller
31420;Assault on Precinct 13(2005);|Action|Crime|Drama|Thriller
31921;Seven-Per-Cent Solution The(1976);|Adventure|Comedy|Crime|Drama|Mystery|Thriller
32029;Hostage(2005);|Action|Crime|Drama|Thriller
32211;Thriller: A Cruel Picture (Thriller - en grym film)(1974);|Action|Crime|Drama|Thriller
32369;Panic in the Streets(1950);|Crime|Drama|Film-Noir|Thriller
32587;Sin City(2005);|Action|Crime|Film-Noir|Mystery|Thriller
33158;xXx: State of the Union(2005);|Action|Crime|Thriller
33437;Unleashed (Danny the Dog)(2005);|Action|Crime|Drama|Thriller
36519;Transporter 2(2005);|Action|Crime|Thriller
36529;Lord of War(2005);|Action|Crime|Drama|Thriller|War
37382;Domino(2005);|Crime|Drama|Thriller
37720;Exorcism of Emily Rose The(2005);|Crime|Drama|Horror|Thriller
37733;History of Violence A(2005);|Action|Crime|Drama|Thriller
37785;Anderson Tapes The(1971);|Crime|Drama|Thriller
37853;Into the Blue(2005);|Action|Adventure|Crime|Thriller
38061;Kiss Kiss Bang Bang(2005);|Comedy|Crime|Mystery|Thriller
40148;Revolver(2005);|Crime|Drama|Thriller
40412;Dead Mans Shoes(2004);|Crime|Thriller
40723;Wolf Creek(2005);|Crime|Horror|Thriller
40959;Ice Harvest The(2005);|Action|Comedy|Crime|Thriller
41527;Paradise Now(2005);|Crime|Drama|Thriller|War
41997;Munich(2005);|Action|Crime|Drama|Thriller
42632;Lady Vengeance (Sympathy for Lady Vengeance) (Chinjeolhan geumjassi)(2005);|Crime|Drama|Mystery|Thriller
42900;Cul-de-sac(1966);|Comedy|Crime|Drama|Thriller
43871;Firewall(2006);|Crime|Drama|Thriller
43921;Running Scared(2006);|Action|Crime|Thriller
43936;16 Blocks(2006);|Crime|Thriller
44199;Inside Man(2006);|Crime|Drama|Thriller
44759;Basic Instinct 2(2006);|Crime|Drama|Mystery|Thriller
45062;Sentinel The(2006);|Crime|Drama|Thriller
45183;Protector The (a.k.a. Warrior King) (Tom yum goong)(2005);|Action|Comedy|Crime|Thriller
46335;Fast and the Furious: Tokyo Drift The (Fast and the Furious 3 The)(2006);|Action|Crime|Drama|Thriller
47044;Miami Vice(2006);|Action|Crime|Drama|Thriller
47254;Chaos(2005);|Action|Crime|Drama|Thriller
47287;Compulsion(1959);|Crime|Drama|Thriller
47950;Hollywoodland(2006);|Crime|Drama|Mystery|Thriller
48142;Black Dahlia The(2006);|Crime|Drama|Mystery|Thriller
48516;Departed The(2006);|Crime|Drama|Thriller
48877;Saw III(2006);|Crime|Horror|Thriller
48997;Perfume: The Story of a Murderer(2006);|Crime|Drama|Thriller
49530;Blood Diamond(2006);|Action|Adventure|Crime|Drama|Thriller|War
50794;Smokin Aces(2006);|Action|Crime|Drama|Thriller
51304;Karla(2006);|Crime|Drama|Thriller
51357;Citizen X(1995);|Crime|Drama|Thriller
51540;Zodiac(2007);|Crime|Drama|Thriller
52241;Lookout The(2007);|Crime|Drama|Thriller
52281;Grindhouse(2007);|Action|Crime|Horror|Sci-Fi|Thriller
52456;Perfect Stranger(2007);|Crime|Drama|Mystery|Thriller
52604;Fracture(2007);|Crime|Drama|Mystery|Thriller
52606;Big Nothing(2006);|Comedy|Crime|Thriller
52712;Invisible The(2007);|Crime|Drama|Fantasy|Mystery|Thriller
52717;Condemned The(2007);|Action|Adventure|Crime|Thriller
52831;Maniac Cop(1988);|Action|Crime|Horror|Thriller
53129;Mr. Brooks(2007);|Crime|Drama|Thriller
53207;88 Minutes(2008);|Crime|Drama|Mystery|Thriller
53322;Oceans Thirteen(2007);|Crime|Thriller
53435;Hostel: Part II(2007);|Crime|Horror|Thriller
53466;Nancy Drew(2007);|Adventure|Crime|Thriller
53519;Death Proof(2007);|Action|Adventure|Crime|Horror|Thriller
53737;Night of the Generals The(1967);|Crime|Drama|Mystery|Thriller|War
53972;Live Free or Die Hard(2007);|Action|Adventure|Crime|Thriller
53999;Captivity(2007);|Crime|Thriller
54286;Bourne Ultimatum The(2007);|Action|Crime|Thriller
54331;You Kill Me(2007);|Comedy|Crime|Thriller
54372;Tell No One (Ne le dis à personne)(2006);|Crime|Drama|Mystery|Thriller
54648;Rush Hour 3(2007);|Action|Comedy|Crime|Thriller
55118;Eastern Promises(2007);|Crime|Drama|Thriller
55577;Saw IV(2007);|Crime|Horror|Thriller
55721;Elite Squad (Tropa de Elite)(2007);|Action|Crime|Drama|Thriller
55765;American Gangster(2007);|Crime|Drama|Thriller
55805;Before the Devil Knows Youre Dead(2007);|Crime|Drama|Thriller
56156;Hitman(2007);|Action|Crime|Thriller
56633;Butterfly on a Wheel (Shattered)(2007);|Crime|Drama|Thriller
57401;Cleaner(2007);|Crime|Thriller
57526;Untraceable(2008);|Crime|Thriller
57669;In Bruges(2008);|Comedy|Crime|Drama|Thriller
58295;Bank Job The(2008);|Action|Crime|Thriller
58803;21(2008);|Crime|Drama|Romance|Thriller
59016;Street Kings(2008);|Crime|Drama|Thriller
59369;Taken(2008);|Action|Crime|Drama|Thriller
59594;War Inc.(2008);|Comedy|Crime|Thriller
60832;Pathology(2008);|Crime|Horror|Thriller
61352;Traitor(2008);|Crime|Drama|Thriller
61465;Bangkok Dangerous(2008);|Action|Crime|Thriller
62081;Eagle Eye(2008);|Action|Crime|Thriller|IMAX
62394;Max Payne(2008);|Action|Crime|Drama|Thriller
63436;Saw V(2008);|Crime|Horror|Thriller
64030;Transporter 3(2008);|Action|Adventure|Crime|Thriller
67193;Duplicity(2009);|Crime|Romance|Thriller
67255;Girl with the Dragon Tattoo The (Man som hatar kvinnor)(2009);|Crime|Drama|Mystery|Thriller
67508;Baader Meinhof Komplex Der(2008);|Action|Crime|Drama|Thriller
67923;Fast & Furious (Fast and the Furious 4 The)(2009);|Action|Crime|Drama|Thriller
68159;State of Play(2009);|Crime|Drama|Thriller
68347;Sin Nombre(2009);|Crime|Drama|Thriller
68554;Angels & Demons(2009);|Crime|Drama|Mystery|Thriller
69306;Taking of Pelham 1 2 3 The(2009);|Crime|Drama|Thriller
69640;Public Enemies(2009);|Crime|Drama|Thriller
71033;Secret in Their Eyes The (El secreto de sus ojos)(2009);|Crime|Drama|Mystery|Romance|Thriller
71211;Informant! The(2009);|Comedy|Crime|Drama|Thriller
71573;Whiteout(2009);|Action|Crime|Drama|Mystery|Thriller
72129;Saw VI(2009);|Crime|Horror|Mystery|Thriller
72489;Ninja Assassin(2009);|Action|Crime|Drama|Thriller
72731;Lovely Bones The(2009);|Crime|Drama|Fantasy|Horror|Thriller
73017;Sherlock Holmes(2009);|Action|Crime|Mystery|Thriller
73741;Ninja(2009);|Action|Crime|Drama|Thriller
73808;Chaser The (Chugyeogja)(2008);|Crime|Drama|Thriller
74510;Girl Who Played with Fire The (Flickan som lekte med elden)(2009);|Action|Crime|Drama|Mystery|Thriller
74944;Brooklyns Finest(2010);|Crime|Drama|Thriller
74948;Harry Brown(2009);|Crime|Drama|Thriller
75813;Leaves of Grass(2009);|Comedy|Crime|Drama|Thriller
76091;Mother (Madeo)(2009);|Crime|Drama|Mystery|Thriller
76272;Five Minutes of Heaven(2009);|Crime|Drama|Thriller
78729;24: Redemption(2008);|Action|Adventure|Crime|Drama|Thriller
79132;Inception(2010);|Action|Crime|Drama|Mystery|Sci-Fi|Thriller|IMAX
80219;Machete(2010);|Action|Adventure|Comedy|Crime|Thriller
80489;Town The(2010);|Crime|Drama|Thriller
81132;Rubber(2010);|Action|Adventure|Comedy|Crime|Drama|Film-Noir|Horror|Mystery|Thriller|Western
81788;Next Three Days The(2010);|Crime|Drama|Romance|Thriller
82667;I Saw the Devil (Akmareul boatda)(2010);|Crime|Thriller
83349;Green Hornet The(2011);|Action|Comedy|Crime|Fantasy|Thriller|IMAX
84392;Lincoln Lawyer The(2011);|Crime|Drama|Thriller
85796;Hobo with a Shotgun(2011);|Action|Adventure|Crime|Thriller
86644;Fast Five (Fast and the Furious 5 The)(2011);|Action|Crime|Drama|Thriller|IMAX
86892;The Man from Nowhere(2010);|Action|Crime|Thriller
87785;Takers(2010);|Action|Crime|Thriller
88118;Perfect Host The(2010);|Crime|Drama|Thriller
88129;Drive(2011);|Crime|Drama|Film-Noir|Thriller
89343;Red State(2011);|Action|Crime|Horror|Thriller
90405;In Time(2011);|Crime|Sci-Fi|Thriller
90600;Headhunters (Hodejegerne)(2011);|Action|Crime|Thriller
90738;Double The(2011);|Action|Crime|Drama|Mystery|Thriller
90870;Trespass(2011);|Crime|Drama|Thriller
91542;Sherlock Holmes: A Game of Shadows(2011);|Action|Adventure|Comedy|Crime|Mystery|Thriller
91842;Contraband(2012);|Action|Crime|Drama|Thriller
91978;Man on a Ledge(2012);|Crime|Thriller
92507;Safe House(2012);|Action|Crime|Mystery|Thriller
94969;Kahaani(2012);|Crime|Drama|Thriller
95508;Cleanskin(2012);|Crime|Drama|Thriller
95583;Savages(2012);|Crime|Drama|Thriller
95761;Killer Joe(2011);|Crime|Thriller
96114;Brake(2012);|Crime|Thriller
96811;End of Watch(2012);|Crime|Drama|Thriller
96861;Taken 2(2012);|Action|Crime|Drama|Thriller
97742;Alex Cross(2012);|Action|Crime|Mystery|Thriller
97860;Killing Them Softly(2012);|Crime|Drama|Thriller
97957;Excision(2012);|Crime|Drama|Horror|Thriller
98296;Deadfall(2012);|Crime|Drama|Thriller
99112;Jack Reacher(2012);|Action|Crime|Thriller
99992;Shadow Dancer(2012);|Crime|Drama|Thriller
100383;Side Effects(2013);|Crime|Drama|Mystery|Thriller
100498;Good Day to Die Hard A(2013);|Action|Crime|Thriller|IMAX
101741;Trance(2013);|Crime|Thriller
102278;Pawn(2013);|Crime|Thriller
102716;Fast & Furious 6 (Fast and the Furious 6 The)(2013);|Action|Crime|Thriller|IMAX
102903;Now You See Me(2013);|Crime|Mystery|Thriller
103449;Passion(2012);|Crime|Drama|Mystery|Thriller
103810;Red 2(2013);|Action|Comedy|Crime|Thriller
104441;Frozen Ground The(2013);|Crime|Drama|Thriller
105351;Runner Runner(2013);|Crime|Drama|Thriller
105585;Machete Kills (Machete 2)(2013);|Action|Crime|Thriller
105755;Counselor The(2013);|Crime|Drama|Thriller
106004;Maniac(1963);|Crime|Horror|Mystery|Romance|Thriller
109295;Cold Comes the Night(2013);|Crime|Drama|Thriller
110501;The Raid 2: Berandal(2014);|Action|Crime|Thriller
112171;Equalizer The(2014);|Action|Crime|Thriller
113573;Sin City: A Dame to Kill For(2014);|Action|Crime|Thriller
114060;The Drop(2014);|Crime|Drama|Thriller
114464;Helter Skelter(1976);|Crime|Drama|Thriller
114925;Captive The(2014);|Crime|Drama|Thriller
115569;Nightcrawler(2014);|Crime|Drama|Thriller
115680;Time Lapse(2014);|Crime|Drama|Sci-Fi|Thriller
116207;Zulu(2013);|Crime|Drama|Thriller
118082;The Voices(2014);|Comedy|Crime|Thriller
118326;By the Gun(2014);|Crime|Drama|Thriller
118354;Kill the Messenger(2014);|Crime|Drama|Mystery|Thriller
118898;A Most Violent Year(2014);|Action|Crime|Drama|Thriller
120635;Taken 3(2015);|Action|Crime|Thriller
120637;Blackhat(2015);|Action|Crime|Drama|Mystery|Thriller
124859;The Gambler(2014);|Crime|Drama|Thriller
129937;Run All Night(2015);|Action|Crime|Drama|Thriller
130083;Kidnapping Mr. Heineken(2015);|Action|Crime|Drama|Thriller
130634;Furious 7(2015);|Action|Crime|Thriller
132618;Kite(2014);|Action|Crime|Drama|Mystery|Thriller
133195;Hitman: Agent 47(2015);|Action|Crime|Thriller
140725;Cop Car(2015);|Crime|Thriller
141688;Legend(2015);|Crime|Thriller
142192;Female on the Beach(1955);|Crime|Drama|Mystery|Romance|Thriller
150548;Sherlock: The Abominable Bride(2016);|Action|Crime|Drama|Mystery|Thriller
152079;London Has Fallen(2016);|Action|Crime|Thriller
157407;I Am Wrath(2016);|Action|Crime|Drama|Thriller
158238;The Nice Guys(2016);|Crime|Mystery|Thriller
